variant_group_id,canonical_question_id,question_id,duplicate_reason,review_status,answer_variant_candidates,conflicting_correct_answers
vg_fd313b72b096,1,1,normalised_stem|same_question_answers_reordered,needs_review,false,false
vg_fd313b72b096,1,836,normalised_stem|same_question_answers_reordered,needs_review,false,false
vg_ec32c9ac4148,4,4,near_duplicate_stem,needs_review,false,false
vg_ec32c9ac4148,4,6,near_duplicate_stem,needs_review,false,false
vg_453c6f47ee89,8,8,exact_stem|normalised_stem,answer_variant_review,true,false
vg_453c6f47ee89,8,825,exact_stem|normalised_stem,answer_variant_review,true,false
vg_453c6f47ee89,8,1248,exact_stem|normalised_stem,answer_variant_review,true,false
vg_453c6f47ee89,8,1249,exact_stem|normalised_stem,answer_variant_review,true,false
vg_89be2e6448b8,15,15,exact_stem|normalised_stem,answer_variant_review,true,false
vg_89be2e6448b8,15,16,exact_stem|normalised_stem,answer_variant_review,true,false
vg_89be2e6448b8,15,17,exact_stem|normalised_stem,answer_variant_review,true,false
vg_89be2e6448b8,15,670,exact_stem|normalised_stem,answer_variant_review,true,false
vg_b5e4028fbc3f,21,21,normalised_stem|same_question_answers_reordered,needs_review,false,false
vg_b5e4028fbc3f,21,172,normalised_stem|same_question_answers_reordered,needs_review,false,false
vg_cbe335abf778,24,24,same_question_answers_reordered,needs_review,false,false
vg_cbe335abf778,24,89,same_question_answers_reordered,needs_review,false,false
vg_5a56d707349d,25,25,exact_stem|normalised_stem|same_question_answers_reordered,needs_review,false,false
vg_5a56d707349d,25,66,exact_stem|normalised_stem|same_question_answers_reordered,needs_review,false,false
vg_0992622194c5,26,26,exact_stem|normalised_stem|same_question_answers_reordered,needs_review,false,false
vg_0992622194c5,26,67,exact_stem|normalised_stem|same_question_answers_reordered,needs_review,false,false
vg_0992622194c5,26,201,exact_stem|normalised_stem|same_question_answers_reordered,needs_review,false,false
vg_390881494671,27,27,exact_stem|normalised_stem|same_question_answers_reordered,needs_review,false,false
vg_390881494671,27,68,exact_stem|normalised_stem|same_question_answers_reordered,needs_review,false,false
vg_b06b3acd9124,33,33,same_question_answers_reordered,needs_review,false,false
vg_b06b3acd9124,33,161,same_question_answers_reordered,needs_review,false,false
vg_37efa0873d27,34,34,same_question_answers_reordered,needs_review,false,false
vg_37efa0873d27,34,163,same_question_answers_reordered,needs_review,false,false
vg_f1e7bceb1132,35,35,same_question_answers_reordered,needs_review,false,false
vg_f1e7bceb1132,35,164,same_question_answers_reordered,needs_review,false,false
vg_4ee47230fb29,36,36,same_question_answers_reordered,needs_review,false,false
vg_4ee47230fb29,36,165,same_question_answers_reordered,needs_review,false,false
vg_4ade41eae008,36,36,same_image_repeated_question,answer_variant_review,true,false
vg_4ade41eae008,36,37,same_image_repeated_question,answer_variant_review,true,false
vg_9391ef7ca037,37,37,same_question_answers_reordered,needs_review,false,false
vg_9391ef7ca037,37,166,same_question_answers_reordered,needs_review,false,false
vg_4e46d17ced00,38,38,same_question_answers_reordered,needs_review,false,false
vg_4e46d17ced00,38,167,same_question_answers_reordered,needs_review,false,false
vg_9f67ccc23a15,40,40,same_image_repeated_question,needs_review,false,false
vg_9f67ccc23a15,40,101,same_image_repeated_question,needs_review,false,false
vg_3a8d5e5512dc,43,43,same_question_answers_reordered,needs_review,false,false
vg_3a8d5e5512dc,43,174,same_question_answers_reordered,needs_review,false,false
vg_54d700136314,44,44,same_question_answers_reordered,needs_review,false,false
vg_54d700136314,44,175,same_question_answers_reordered,needs_review,false,false
vg_40f0b19a6c7e,47,47,same_question_answers_reordered,needs_review,false,false
vg_40f0b19a6c7e,47,180,same_question_answers_reordered,needs_review,false,false
vg_ede4dc3be964,48,48,same_question_answers_reordered,needs_review,false,false
vg_ede4dc3be964,48,184,same_question_answers_reordered,needs_review,false,false
vg_b5d9c587dab7,49,49,same_question_answers_reordered,needs_review,false,false
vg_b5d9c587dab7,49,185,same_question_answers_reordered,needs_review,false,false
vg_5f52160b3c8e,50,50,same_question_answers_reordered,needs_review,false,false
vg_5f52160b3c8e,50,187,same_question_answers_reordered,needs_review,false,false
vg_7ab30a46eb28,51,51,same_question_answers_reordered,needs_review,false,false
vg_7ab30a46eb28,51,189,same_question_answers_reordered,needs_review,false,false
vg_ee134feb90b7,52,52,same_question_answers_reordered,needs_review,false,false
vg_ee134feb90b7,52,191,same_question_answers_reordered,needs_review,false,false
vg_d56007cb5f95,53,53,exact_stem|normalised_stem,answer_variant_review,true,false
vg_d56007cb5f95,53,200,exact_stem|normalised_stem,answer_variant_review,true,false
vg_d56007cb5f95,53,1169,exact_stem|normalised_stem,answer_variant_review,true,false
vg_403a1d2b8d04,53,53,same_question_answers_reordered,needs_review,false,false
vg_403a1d2b8d04,53,200,same_question_answers_reordered,needs_review,false,false
vg_652724e40444,55,55,same_question_answers_reordered,needs_review,false,false
vg_652724e40444,55,195,same_question_answers_reordered,needs_review,false,false
vg_d9c1adbf37f7,56,56,same_question_answers_reordered,needs_review,false,false
vg_d9c1adbf37f7,56,196,same_question_answers_reordered,needs_review,false,false
vg_dbd0febbe76c,58,58,exact_stem|normalised_stem,answer_variant_review,true,false
vg_dbd0febbe76c,58,1174,exact_stem|normalised_stem,answer_variant_review,true,false
vg_6a4549256f4a,63,63,exact_stem|normalised_stem,needs_review,false,false
vg_6a4549256f4a,63,170,exact_stem|normalised_stem,needs_review,false,false
vg_d1a4e036c71d,64,64,exact_stem|normalised_stem,needs_review,false,false
vg_d1a4e036c71d,64,171,exact_stem|normalised_stem,needs_review,false,false
vg_ed7a1604b62d,65,65,same_question_answers_reordered,needs_review,false,false
vg_ed7a1604b62d,65,222,same_question_answers_reordered,needs_review,false,false
vg_c7891279fb90,70,70,near_duplicate_stem,needs_review,false,false
vg_c7891279fb90,70,1280,near_duplicate_stem,needs_review,false,false
vg_2957cb004efa,73,73,exact_stem|normalised_stem,answer_variant_review,true,false
vg_2957cb004efa,73,1281,exact_stem|normalised_stem,answer_variant_review,true,false
vg_91d3557e1f2c,74,74,exact_stem|normalised_stem|same_question_answers_reordered,needs_review,false,false
vg_91d3557e1f2c,74,855,exact_stem|normalised_stem|same_question_answers_reordered,needs_review,false,false
vg_f40b99c6aca3,76,76,exact_stem|normalised_stem,answer_variant_review,true,false
vg_f40b99c6aca3,76,168,exact_stem|normalised_stem,answer_variant_review,true,false
vg_02e070dde757,78,78,near_duplicate_stem,needs_review,false,false
vg_02e070dde757,78,79,near_duplicate_stem,needs_review,false,false
vg_1bb7b39c1680,84,84,exact_stem|normalised_stem,answer_variant_review,true,false
vg_1bb7b39c1680,84,935,exact_stem|normalised_stem,answer_variant_review,true,false
vg_2ebf973085ab,94,94,same_question_answers_reordered,needs_review,false,false
vg_2ebf973085ab,94,156,same_question_answers_reordered,needs_review,false,false
vg_c69e8be96b21,95,95,same_question_answers_reordered,needs_review,false,false
vg_c69e8be96b21,95,157,same_question_answers_reordered,needs_review,false,false
vg_bd989fc2baa1,97,97,same_question_answers_reordered,needs_review,false,false
vg_bd989fc2baa1,97,158,same_question_answers_reordered,needs_review,false,false
vg_89db6e528cb4,99,99,near_duplicate_stem,needs_review,false,false
vg_89db6e528cb4,99,169,near_duplicate_stem,needs_review,false,false
vg_4e3d64cd76d6,114,114,exact_stem|normalised_stem,answer_variant_review,true,false
vg_4e3d64cd76d6,114,115,exact_stem|normalised_stem,answer_variant_review,true,false
vg_4e3d64cd76d6,114,918,exact_stem|normalised_stem,answer_variant_review,true,false
vg_4e3d64cd76d6,114,919,exact_stem|normalised_stem,answer_variant_review,true,false
vg_4e3d64cd76d6,114,920,exact_stem|normalised_stem,answer_variant_review,true,false
vg_eabb4e3a01a3,116,116,same_image_repeated_question,needs_review,false,false
vg_eabb4e3a01a3,116,117,same_image_repeated_question,needs_review,false,false
vg_82589a1bdf2e,120,120,same_question_answers_reordered,needs_review,false,false
vg_82589a1bdf2e,120,176,same_question_answers_reordered,needs_review,false,false
vg_a76c4993b827,121,121,same_question_answers_reordered,needs_review,false,false
vg_a76c4993b827,121,178,same_question_answers_reordered,needs_review,false,false
vg_5680eca00b7f,124,124,same_question_answers_reordered,needs_review,false,false
vg_5680eca00b7f,124,824,same_question_answers_reordered,needs_review,false,false
vg_9fea25e5d595,126,126,exact_stem|normalised_stem,answer_variant_review,true,false
vg_9fea25e5d595,126,127,exact_stem|normalised_stem,answer_variant_review,true,false
vg_9fea25e5d595,126,128,exact_stem|normalised_stem,answer_variant_review,true,false
vg_9fea25e5d595,126,129,exact_stem|normalised_stem,answer_variant_review,true,false
vg_9fea25e5d595,126,241,exact_stem|normalised_stem,answer_variant_review,true,false
vg_9fea25e5d595,126,927,exact_stem|normalised_stem,answer_variant_review,true,false
vg_f549c76187f8,126,126,near_duplicate_stem,answer_variant_review,true,false
vg_f549c76187f8,126,127,near_duplicate_stem,answer_variant_review,true,false
vg_f549c76187f8,126,128,near_duplicate_stem,answer_variant_review,true,false
vg_f549c76187f8,126,129,near_duplicate_stem,answer_variant_review,true,false
vg_f549c76187f8,126,241,near_duplicate_stem,answer_variant_review,true,false
vg_f549c76187f8,126,342,near_duplicate_stem,answer_variant_review,true,false
vg_f549c76187f8,126,927,near_duplicate_stem,answer_variant_review,true,false
vg_f549c76187f8,126,1200,near_duplicate_stem,answer_variant_review,true,false
vg_f549c76187f8,126,1201,near_duplicate_stem,answer_variant_review,true,false
vg_f549c76187f8,126,1202,near_duplicate_stem,answer_variant_review,true,false
vg_fe738827d09a,131,131,normalised_stem,answer_variant_review,true,false
vg_fe738827d09a,131,974,normalised_stem,answer_variant_review,true,false
vg_6b5a35a5477a,132,132,exact_stem|normalised_stem,needs_review,false,false
vg_6b5a35a5477a,132,817,exact_stem|normalised_stem,needs_review,false,false
vg_33236a4d0211,133,133,exact_stem|normalised_stem|same_question_answers_reordered,needs_review,false,false
vg_33236a4d0211,133,140,exact_stem|normalised_stem|same_question_answers_reordered,needs_review,false,false
vg_368ab91a0619,136,136,same_question_answers_reordered,needs_review,false,false
vg_368ab91a0619,136,143,same_question_answers_reordered,needs_review,false,false
vg_b7583ed43832,138,138,same_question_answers_reordered,needs_review,false,false
vg_b7583ed43832,138,211,same_question_answers_reordered,needs_review,false,false
vg_447097bdaf8a,144,144,same_question_answers_reordered,needs_review,false,false
vg_447097bdaf8a,144,147,same_question_answers_reordered,needs_review,false,false
vg_3b0d0a69af9b,160,160,exact_stem|normalised_stem,answer_variant_review,true,false
vg_3b0d0a69af9b,160,232,exact_stem|normalised_stem,answer_variant_review,true,false
vg_3b0d0a69af9b,160,233,exact_stem|normalised_stem,answer_variant_review,true,false
vg_3b0d0a69af9b,160,234,exact_stem|normalised_stem,answer_variant_review,true,false
vg_3b0d0a69af9b,160,235,exact_stem|normalised_stem,answer_variant_review,true,false
vg_3b0d0a69af9b,160,911,exact_stem|normalised_stem,answer_variant_review,true,false
vg_3b0d0a69af9b,160,912,exact_stem|normalised_stem,answer_variant_review,true,false
vg_3b0d0a69af9b,160,913,exact_stem|normalised_stem,answer_variant_review,true,false
vg_3b0d0a69af9b,160,915,exact_stem|normalised_stem,answer_variant_review,true,false
vg_3b0d0a69af9b,160,916,exact_stem|normalised_stem,answer_variant_review,true,false
vg_3b0d0a69af9b,160,917,exact_stem|normalised_stem,answer_variant_review,true,false
vg_d45488b68528,165,165,same_image_repeated_question,answer_variant_review,true,false
vg_d45488b68528,165,166,same_image_repeated_question,answer_variant_review,true,false
vg_418671e97c9f,177,177,exact_stem|normalised_stem|same_question_answers_reordered,needs_review,false,false
vg_418671e97c9f,177,239,exact_stem|normalised_stem|same_question_answers_reordered,needs_review,false,false
vg_1f0c3559c4bb,198,198,exact_stem|normalised_stem,answer_variant_review,true,false
vg_1f0c3559c4bb,198,521,exact_stem|normalised_stem,answer_variant_review,true,false
vg_fd5c4ab8201d,242,242,exact_stem|normalised_stem,needs_review,false,false
vg_fd5c4ab8201d,242,816,exact_stem|normalised_stem,needs_review,false,false
vg_9a960edf8552,242,242,near_duplicate_stem,needs_review,false,false
vg_9a960edf8552,242,243,near_duplicate_stem,needs_review,false,false
vg_9a960edf8552,242,815,near_duplicate_stem,needs_review,false,false
vg_9a960edf8552,242,816,near_duplicate_stem,needs_review,false,false
vg_9a960edf8552,242,968,near_duplicate_stem,needs_review,false,false
vg_3312482773fd,248,248,exact_stem|normalised_stem,answer_variant_review,true,false
vg_3312482773fd,248,249,exact_stem|normalised_stem,answer_variant_review,true,false
vg_3312482773fd,248,250,exact_stem|normalised_stem,answer_variant_review,true,false
vg_3312482773fd,248,251,exact_stem|normalised_stem,answer_variant_review,true,false
vg_3312482773fd,248,252,exact_stem|normalised_stem,answer_variant_review,true,false
vg_3312482773fd,248,716,exact_stem|normalised_stem,answer_variant_review,true,false
vg_3312482773fd,248,718,exact_stem|normalised_stem,answer_variant_review,true,false
vg_3312482773fd,248,719,exact_stem|normalised_stem,answer_variant_review,true,false
vg_3312482773fd,248,720,exact_stem|normalised_stem,answer_variant_review,true,false
vg_848342a64b06,248,248,same_image_repeated_question,answer_variant_review,true,false
vg_848342a64b06,248,249,same_image_repeated_question,answer_variant_review,true,false
vg_848342a64b06,248,250,same_image_repeated_question,answer_variant_review,true,false
vg_848342a64b06,248,251,same_image_repeated_question,answer_variant_review,true,false
vg_848342a64b06,248,252,same_image_repeated_question,answer_variant_review,true,false
vg_c799c4f6d6fd,256,256,exact_stem|normalised_stem,needs_review,false,false
vg_c799c4f6d6fd,256,844,exact_stem|normalised_stem,needs_review,false,false
vg_c799c4f6d6fd,256,1295,exact_stem|normalised_stem,needs_review,false,false
vg_6b0704decd3e,256,256,same_question_answers_reordered,needs_review,false,false
vg_6b0704decd3e,256,844,same_question_answers_reordered,needs_review,false,false
vg_efb09f2db35c,257,257,exact_stem|normalised_stem|same_question_answers_reordered,needs_review,false,false
vg_efb09f2db35c,257,861,exact_stem|normalised_stem|same_question_answers_reordered,needs_review,false,false
vg_e3a49b935144,258,258,exact_stem|normalised_stem|same_question_answers_reordered,needs_review,false,false
vg_e3a49b935144,258,334,exact_stem|normalised_stem|same_question_answers_reordered,needs_review,false,false
vg_e3a49b935144,258,892,exact_stem|normalised_stem|same_question_answers_reordered,needs_review,false,false
vg_6aee662ff433,262,262,exact_stem|normalised_stem,answer_variant_review,true,false
vg_6aee662ff433,262,1178,exact_stem|normalised_stem,answer_variant_review,true,false
vg_3596274283bf,263,263,exact_stem|normalised_stem,needs_review,false,false
vg_3596274283bf,263,538,exact_stem|normalised_stem,needs_review,false,false
vg_c7aa38b871eb,266,266,exact_stem|normalised_stem,answer_variant_review,true,false
vg_c7aa38b871eb,266,1183,exact_stem|normalised_stem,answer_variant_review,true,false
vg_6ebb40c5e62b,267,267,near_duplicate_stem,needs_review,false,false
vg_6ebb40c5e62b,267,1188,near_duplicate_stem,needs_review,false,false
vg_4aa5ff8666cf,268,268,exact_stem|normalised_stem|same_image_repeated_question,answer_variant_review,true,false
vg_4aa5ff8666cf,268,987,exact_stem|normalised_stem|same_image_repeated_question,answer_variant_review,true,false
vg_d445c5799a7f,269,269,exact_stem|normalised_stem,answer_variant_review,true,false
vg_d445c5799a7f,269,1189,exact_stem|normalised_stem,answer_variant_review,true,false
vg_f08e5077b26a,270,270,normalised_stem,needs_review,false,false
vg_f08e5077b26a,270,1192,normalised_stem,needs_review,false,false
vg_62c1e9b5f54c,272,272,near_duplicate_stem,needs_review,false,false
vg_62c1e9b5f54c,272,553,near_duplicate_stem,needs_review,false,false
vg_86653f03481c,273,273,exact_stem|normalised_stem,answer_variant_review,true,false
vg_86653f03481c,273,1193,exact_stem|normalised_stem,answer_variant_review,true,false
vg_4c4d9749624d,274,274,exact_stem|normalised_stem,answer_variant_review,true,false
vg_4c4d9749624d,274,1194,exact_stem|normalised_stem,answer_variant_review,true,false
vg_88c761656d3f,276,276,normalised_stem,answer_variant_review,true,false
vg_88c761656d3f,276,1195,normalised_stem,answer_variant_review,true,false
vg_70b6d46be9e7,277,277,near_duplicate_stem,needs_review,false,false
vg_70b6d46be9e7,277,1196,near_duplicate_stem,needs_review,false,false
vg_10919d33f0ff,278,278,near_duplicate_stem,needs_review,false,false
vg_10919d33f0ff,278,1197,near_duplicate_stem,needs_review,false,false
vg_591bdc1d48c3,279,279,near_duplicate_stem,needs_review,false,false
vg_591bdc1d48c3,279,858,near_duplicate_stem,needs_review,false,false
vg_85cc3f018a04,280,280,exact_stem|normalised_stem,answer_variant_review,true,false
vg_85cc3f018a04,280,1199,exact_stem|normalised_stem,answer_variant_review,true,false
vg_22e98c6c7685,281,281,near_duplicate_stem,needs_review,false,false
vg_22e98c6c7685,281,282,near_duplicate_stem,needs_review,false,false
vg_63307cc78de0,283,283,near_duplicate_stem,needs_review,false,false
vg_63307cc78de0,283,1204,near_duplicate_stem,needs_review,false,false
vg_8432d0a5fe1e,292,292,near_duplicate_stem,needs_review,false,false
vg_8432d0a5fe1e,292,1227,near_duplicate_stem,needs_review,false,false
vg_5c44966b6c7f,293,293,exact_stem|normalised_stem,answer_variant_review,true,false
vg_5c44966b6c7f,293,1228,exact_stem|normalised_stem,answer_variant_review,true,false
vg_3ae05fb7df28,293,293,near_duplicate_stem,answer_variant_review,true,false
vg_3ae05fb7df28,293,1228,near_duplicate_stem,answer_variant_review,true,false
vg_3ae05fb7df28,293,1242,near_duplicate_stem,answer_variant_review,true,false
vg_a05e3dd45bdf,296,296,near_duplicate_stem,needs_review,false,false
vg_a05e3dd45bdf,296,1230,near_duplicate_stem,needs_review,false,false
vg_64229fd2fb70,299,299,exact_stem|normalised_stem|same_question_answers_reordered,needs_review,false,false
vg_64229fd2fb70,299,569,exact_stem|normalised_stem|same_question_answers_reordered,needs_review,false,false
vg_667b9873ca10,300,300,exact_stem|normalised_stem,needs_review,false,false
vg_667b9873ca10,300,356,exact_stem|normalised_stem,needs_review,false,false
vg_a99da8af234b,301,301,exact_stem|normalised_stem,answer_variant_review,true,false
vg_a99da8af234b,301,1198,exact_stem|normalised_stem,answer_variant_review,true,false
vg_aeca9de65171,302,302,exact_stem|normalised_stem,answer_variant_review,true,false
vg_aeca9de65171,302,335,exact_stem|normalised_stem,answer_variant_review,true,false
vg_aeca9de65171,302,1256,exact_stem|normalised_stem,answer_variant_review,true,false
vg_be1dae126968,302,302,same_question_answers_reordered,needs_review,false,false
vg_be1dae126968,302,335,same_question_answers_reordered,needs_review,false,false
vg_5bdfb4f213d8,303,303,normalised_stem,needs_review,false,false
vg_5bdfb4f213d8,303,681,normalised_stem,needs_review,false,false
vg_8273348f9898,304,304,exact_stem|normalised_stem,answer_variant_review,true,false
vg_8273348f9898,304,1259,exact_stem|normalised_stem,answer_variant_review,true,false
vg_e6fb94495376,304,304,near_duplicate_stem,answer_variant_review,true,false
vg_e6fb94495376,304,332,near_duplicate_stem,answer_variant_review,true,false
vg_e6fb94495376,304,1259,near_duplicate_stem,answer_variant_review,true,false
vg_f4be539386f5,306,306,exact_stem|normalised_stem,needs_review,false,false
vg_f4be539386f5,306,570,exact_stem|normalised_stem,needs_review,false,false
vg_a012907e12fd,309,309,exact_stem|normalised_stem|same_question_answers_reordered,needs_review,false,false
vg_a012907e12fd,309,338,exact_stem|normalised_stem|same_question_answers_reordered,needs_review,false,false
vg_26427cdd012b,311,311,exact_stem|normalised_stem,answer_variant_review,true,false
vg_26427cdd012b,311,312,exact_stem|normalised_stem,answer_variant_review,true,false
vg_e7be83b6b85a,311,311,near_duplicate_stem,answer_variant_review,true,false
vg_e7be83b6b85a,311,312,near_duplicate_stem,answer_variant_review,true,false
vg_e7be83b6b85a,311,729,near_duplicate_stem,answer_variant_review,true,false
vg_e7be83b6b85a,311,1287,near_duplicate_stem,answer_variant_review,true,false
vg_a3e62e38d2aa,314,314,exact_stem|normalised_stem|same_question_answers_reordered,needs_review,false,false
vg_a3e62e38d2aa,314,840,exact_stem|normalised_stem|same_question_answers_reordered,needs_review,false,false
vg_7e50af61b5a4,314,314,near_duplicate_stem,answer_variant_review,true,false
vg_7e50af61b5a4,314,315,near_duplicate_stem,answer_variant_review,true,false
vg_7e50af61b5a4,314,316,near_duplicate_stem,answer_variant_review,true,false
vg_7e50af61b5a4,314,840,near_duplicate_stem,answer_variant_review,true,false
vg_7e50af61b5a4,314,1293,near_duplicate_stem,answer_variant_review,true,false
vg_75c913770ff9,315,315,exact_stem,answer_variant_review,true,false
vg_75c913770ff9,315,316,exact_stem,answer_variant_review,true,false
vg_f167185eb827,315,315,normalised_stem,answer_variant_review,true,false
vg_f167185eb827,315,316,normalised_stem,answer_variant_review,true,false
vg_f167185eb827,315,1293,normalised_stem,answer_variant_review,true,false
vg_a13b1557c955,317,317,exact_stem|normalised_stem,needs_review,false,false
vg_a13b1557c955,317,367,exact_stem|normalised_stem,needs_review,false,false
vg_a13b1557c955,317,413,exact_stem|normalised_stem,needs_review,false,false
vg_000b854e7aa5,318,318,near_duplicate_stem,needs_review,false,false
vg_000b854e7aa5,318,1294,near_duplicate_stem,needs_review,false,false
vg_d0a2b8eeb522,319,319,near_duplicate_stem,needs_review,false,false
vg_d0a2b8eeb522,319,837,near_duplicate_stem,needs_review,false,false
vg_b407e190032b,321,321,exact_stem|normalised_stem,answer_variant_review,true,false
vg_b407e190032b,321,859,exact_stem|normalised_stem,answer_variant_review,true,false
vg_44f7eeb56f53,322,322,exact_stem|normalised_stem,answer_variant_review,true,false
vg_44f7eeb56f53,322,331,exact_stem|normalised_stem,answer_variant_review,true,false
vg_3c14c5a9eec2,324,324,exact_stem|normalised_stem,answer_variant_review,true,false
vg_3c14c5a9eec2,324,786,exact_stem|normalised_stem,answer_variant_review,true,false
vg_16b7fe69a5ef,324,324,near_duplicate_stem,answer_variant_review,true,false
vg_16b7fe69a5ef,324,325,near_duplicate_stem,answer_variant_review,true,false
vg_16b7fe69a5ef,324,786,near_duplicate_stem,answer_variant_review,true,false
vg_16b7fe69a5ef,324,1307,near_duplicate_stem,answer_variant_review,true,false
vg_32040bca4627,325,325,exact_stem|normalised_stem,needs_review,false,false
vg_32040bca4627,325,1307,exact_stem|normalised_stem,needs_review,false,false
vg_9428dd35201b,330,330,exact_stem|normalised_stem,answer_variant_review,true,false
vg_9428dd35201b,330,767,exact_stem|normalised_stem,answer_variant_review,true,false
vg_9428dd35201b,330,801,exact_stem|normalised_stem,answer_variant_review,true,false
vg_da5a0381b398,330,330,near_duplicate_stem,answer_variant_review,true,false
vg_da5a0381b398,330,767,near_duplicate_stem,answer_variant_review,true,false
vg_da5a0381b398,330,801,near_duplicate_stem,answer_variant_review,true,false
vg_da5a0381b398,330,1252,near_duplicate_stem,answer_variant_review,true,false
vg_5f8c6231891b,342,342,exact_stem|normalised_stem,answer_variant_review,true,false
vg_5f8c6231891b,342,1200,exact_stem|normalised_stem,answer_variant_review,true,false
vg_5f8c6231891b,342,1201,exact_stem|normalised_stem,answer_variant_review,true,false
vg_5f8c6231891b,342,1202,exact_stem|normalised_stem,answer_variant_review,true,false
vg_cd025efb75d3,343,343,exact_stem|normalised_stem,needs_review,false,false
vg_cd025efb75d3,343,386,exact_stem|normalised_stem,needs_review,false,false
vg_ef73ba024540,344,344,exact_stem|normalised_stem,needs_review,false,false
vg_ef73ba024540,344,387,exact_stem|normalised_stem,needs_review,false,false
vg_af9e13833fd8,345,345,exact_stem|normalised_stem,answer_variant_review,true,false
vg_af9e13833fd8,345,388,exact_stem|normalised_stem,answer_variant_review,true,false
vg_024b4004ba10,346,346,exact_stem|normalised_stem,needs_review,false,false
vg_024b4004ba10,346,1000,exact_stem|normalised_stem,needs_review,false,false
vg_59d2a920f096,347,347,exact_stem|normalised_stem,answer_variant_review,true,false
vg_59d2a920f096,347,1001,exact_stem|normalised_stem,answer_variant_review,true,false
vg_eafebc68f2b2,348,348,exact_stem|normalised_stem,answer_variant_review,true,false
vg_eafebc68f2b2,348,1002,exact_stem|normalised_stem,answer_variant_review,true,false
vg_bfe94088e1c4,350,350,exact_stem|normalised_stem,needs_review,false,false
vg_bfe94088e1c4,350,1003,exact_stem|normalised_stem,needs_review,false,false
vg_250c475d4ed8,352,352,exact_stem|normalised_stem,answer_variant_review,true,false
vg_250c475d4ed8,352,1006,exact_stem|normalised_stem,answer_variant_review,true,false
vg_1954c4623b44,353,353,exact_stem|normalised_stem,answer_variant_review,true,false
vg_1954c4623b44,353,1007,exact_stem|normalised_stem,answer_variant_review,true,false
vg_afb24a910455,354,354,exact_stem|normalised_stem,answer_variant_review,true,false
vg_afb24a910455,354,1008,exact_stem|normalised_stem,answer_variant_review,true,false
vg_6260847ad638,358,358,exact_stem|normalised_stem|same_question_answers_reordered,needs_review,false,false
vg_6260847ad638,358,820,exact_stem|normalised_stem|same_question_answers_reordered,needs_review,false,false
vg_49247293573b,360,360,near_duplicate_stem,needs_review,false,false
vg_49247293573b,360,402,near_duplicate_stem,needs_review,false,false
vg_2caf14744c6c,362,362,near_duplicate_stem,needs_review,false,false
vg_2caf14744c6c,362,404,near_duplicate_stem,needs_review,false,false
vg_2caf14744c6c,362,443,near_duplicate_stem,needs_review,false,false
vg_28608e221367,363,363,exact_stem|normalised_stem,answer_variant_review,true,false
vg_28608e221367,363,405,exact_stem|normalised_stem,answer_variant_review,true,false
vg_1acd80dd1de9,365,365,exact_stem|normalised_stem,answer_variant_review,true,false
vg_1acd80dd1de9,365,408,exact_stem|normalised_stem,answer_variant_review,true,false
vg_1acd80dd1de9,365,436,exact_stem|normalised_stem,answer_variant_review,true,false
vg_5e945d795cd0,367,367,same_question_answers_reordered,needs_review,false,false
vg_5e945d795cd0,367,413,same_question_answers_reordered,needs_review,false,false
vg_e690597e4266,369,369,exact_stem|normalised_stem,answer_variant_review,true,false
vg_e690597e4266,369,414,exact_stem|normalised_stem,answer_variant_review,true,false
vg_e690597e4266,369,823,exact_stem|normalised_stem,answer_variant_review,true,false
vg_a80a2fe28fb9,369,369,same_question_answers_reordered,needs_review,false,false
vg_a80a2fe28fb9,369,414,same_question_answers_reordered,needs_review,false,false
vg_26e50eebaf64,370,370,near_duplicate_stem,needs_review,false,false
vg_26e50eebaf64,370,371,near_duplicate_stem,needs_review,false,false
vg_26e50eebaf64,370,999,near_duplicate_stem,needs_review,false,false
vg_5ceb76275317,372,372,exact_stem|normalised_stem|same_question_answers_reordered,needs_review,false,false
vg_5ceb76275317,372,564,exact_stem|normalised_stem|same_question_answers_reordered,needs_review,false,false
vg_7acba343d52b,373,373,exact_stem|normalised_stem|same_question_answers_reordered,needs_review,false,false
vg_7acba343d52b,373,417,exact_stem|normalised_stem|same_question_answers_reordered,needs_review,false,false
vg_8045c3f53700,374,374,exact_stem|normalised_stem|same_question_answers_reordered,needs_review,false,false
vg_8045c3f53700,374,567,exact_stem|normalised_stem|same_question_answers_reordered,needs_review,false,false
vg_29662c4dd49b,375,375,exact_stem|normalised_stem|same_question_answers_reordered,needs_review,false,false
vg_29662c4dd49b,375,419,exact_stem|normalised_stem|same_question_answers_reordered,needs_review,false,false
vg_caf80b11df79,375,375,near_duplicate_stem,needs_review,false,false
vg_caf80b11df79,375,419,near_duplicate_stem,needs_review,false,false
vg_caf80b11df79,375,1027,near_duplicate_stem,needs_review,false,false
vg_3b8a379624a9,376,376,exact_stem|normalised_stem,answer_variant_review,true,false
vg_3b8a379624a9,376,1028,exact_stem|normalised_stem,answer_variant_review,true,false
vg_c5f1081bfaec,379,379,exact_stem|normalised_stem,answer_variant_review,true,false
vg_c5f1081bfaec,379,1029,exact_stem|normalised_stem,answer_variant_review,true,false
vg_b09fa82da05f,381,381,exact_stem|normalised_stem,answer_variant_review,true,false
vg_b09fa82da05f,381,1031,exact_stem|normalised_stem,answer_variant_review,true,false
vg_2096a07d289b,382,382,exact_stem|normalised_stem,answer_variant_review,true,false
vg_2096a07d289b,382,506,exact_stem|normalised_stem,answer_variant_review,true,false
vg_2096a07d289b,382,1056,exact_stem|normalised_stem,answer_variant_review,true,false
vg_716e44f50d86,384,384,exact_stem|normalised_stem,answer_variant_review,true,false
vg_716e44f50d86,384,1035,exact_stem|normalised_stem,answer_variant_review,true,false
vg_3b282bb06207,389,389,exact_stem|normalised_stem,needs_review,false,false
vg_3b282bb06207,389,628,exact_stem|normalised_stem,needs_review,false,false
vg_3b282bb06207,389,1037,exact_stem|normalised_stem,needs_review,false,false
vg_1249b1fa6f60,390,390,exact_stem|normalised_stem,answer_variant_review,true,false
vg_1249b1fa6f60,390,1038,exact_stem|normalised_stem,answer_variant_review,true,false
vg_8e80c03b5fd7,391,391,near_duplicate_stem,needs_review,false,false
vg_8e80c03b5fd7,391,1039,near_duplicate_stem,needs_review,false,false
vg_9628c511058c,392,392,exact_stem|normalised_stem,answer_variant_review,true,false
vg_9628c511058c,392,1040,exact_stem|normalised_stem,answer_variant_review,true,false
vg_84b62bbf77b3,394,394,exact_stem|normalised_stem,needs_review,false,false
vg_84b62bbf77b3,394,896,exact_stem|normalised_stem,needs_review,false,false
vg_db9f034a351b,395,395,exact_stem|normalised_stem,answer_variant_review,true,false
vg_db9f034a351b,395,1042,exact_stem|normalised_stem,answer_variant_review,true,false
vg_6c1cd7dfe410,397,397,normalised_stem,answer_variant_review,true,false
vg_6c1cd7dfe410,397,1044,normalised_stem,answer_variant_review,true,false
vg_9e683d3c1131,398,398,exact_stem|normalised_stem,answer_variant_review,true,false
vg_9e683d3c1131,398,1045,exact_stem|normalised_stem,answer_variant_review,true,false
vg_40250766dc74,399,399,near_duplicate_stem,needs_review,false,false
vg_40250766dc74,399,1046,near_duplicate_stem,needs_review,false,false
vg_4fc9b903f07c,404,404,normalised_stem|same_question_answers_reordered,needs_review,false,false
vg_4fc9b903f07c,404,443,normalised_stem|same_question_answers_reordered,needs_review,false,false
vg_e0161cd0ffc7,410,410,exact_stem|normalised_stem|same_question_answers_reordered,needs_review,false,false
vg_e0161cd0ffc7,410,447,exact_stem|normalised_stem|same_question_answers_reordered,needs_review,false,false
vg_d7fe8da2ea12,410,410,near_duplicate_stem,needs_review,false,false
vg_d7fe8da2ea12,410,411,near_duplicate_stem,needs_review,false,false
vg_d7fe8da2ea12,410,447,near_duplicate_stem,needs_review,false,false
vg_d7fe8da2ea12,410,1050,near_duplicate_stem,needs_review,false,false
vg_d7fe8da2ea12,410,1051,near_duplicate_stem,needs_review,false,false
vg_a58b17500191,415,415,near_duplicate_stem,needs_review,false,false
vg_a58b17500191,415,1022,near_duplicate_stem,needs_review,false,false
vg_4b8999710062,416,416,exact_stem|normalised_stem,answer_variant_review,true,false
vg_4b8999710062,416,1023,exact_stem|normalised_stem,answer_variant_review,true,false
vg_5f057c605fdf,418,418,exact_stem|normalised_stem,answer_variant_review,true,false
vg_5f057c605fdf,418,1026,exact_stem|normalised_stem,answer_variant_review,true,false
vg_a51fd9fd276c,420,420,exact_stem|normalised_stem,answer_variant_review,true,false
vg_a51fd9fd276c,420,455,exact_stem|normalised_stem,answer_variant_review,true,false
vg_a51fd9fd276c,420,1060,exact_stem|normalised_stem,answer_variant_review,true,false
vg_a645b5770600,420,420,same_question_answers_reordered,needs_review,false,false
vg_a645b5770600,420,455,same_question_answers_reordered,needs_review,false,false
vg_ff0ac16a3474,423,423,near_duplicate_stem,needs_review,false,false
vg_ff0ac16a3474,423,1090,near_duplicate_stem,needs_review,false,false
vg_18eeda465fb0,424,424,exact_stem|normalised_stem,answer_variant_review,true,false
vg_18eeda465fb0,424,1064,exact_stem|normalised_stem,answer_variant_review,true,false
vg_1d7271ddd784,426,426,near_duplicate_stem,needs_review,false,false
vg_1d7271ddd784,426,1066,near_duplicate_stem,needs_review,false,false
vg_60cb9a3c3e75,427,427,exact_stem|normalised_stem|same_question_answers_reordered,needs_review,false,false
vg_60cb9a3c3e75,427,461,exact_stem|normalised_stem|same_question_answers_reordered,needs_review,false,false
vg_4970a695a721,428,428,exact_stem|normalised_stem,answer_variant_review,true,false
vg_4970a695a721,428,1068,exact_stem|normalised_stem,answer_variant_review,true,false
vg_49cf4eb3192f,429,429,exact_stem|normalised_stem,answer_variant_review,true,false
vg_49cf4eb3192f,429,1094,exact_stem|normalised_stem,answer_variant_review,true,false
vg_029d2f2c7292,430,430,exact_stem|normalised_stem|same_question_answers_reordered,needs_review,false,false
vg_029d2f2c7292,430,463,exact_stem|normalised_stem|same_question_answers_reordered,needs_review,false,false
vg_e8c2e53b117a,433,433,near_duplicate_stem,needs_review,false,false
vg_e8c2e53b117a,433,1074,near_duplicate_stem,needs_review,false,false
vg_71d2ae483c60,435,435,near_duplicate_stem,needs_review,false,false
vg_71d2ae483c60,435,1075,near_duplicate_stem,needs_review,false,false
vg_0d71423fa340,439,439,exact_stem|normalised_stem,answer_variant_review,true,false
vg_0d71423fa340,439,1078,exact_stem|normalised_stem,answer_variant_review,true,false
vg_07b234688928,441,441,exact_stem|normalised_stem,needs_review,false,false
vg_07b234688928,441,1080,exact_stem|normalised_stem,needs_review,false,false
vg_bba557a8355e,442,442,near_duplicate_stem,needs_review,false,false
vg_bba557a8355e,442,1009,near_duplicate_stem,needs_review,false,false
vg_bba557a8355e,442,1082,near_duplicate_stem,needs_review,false,false
vg_abb02c4eb817,444,444,exact_stem|normalised_stem,answer_variant_review,true,false
vg_abb02c4eb817,444,822,exact_stem|normalised_stem,answer_variant_review,true,false
vg_18cd7c69b407,445,445,near_duplicate_stem,needs_review,false,false
vg_18cd7c69b407,445,1083,near_duplicate_stem,needs_review,false,false
vg_26b70a6f56b8,446,446,exact_stem|normalised_stem,answer_variant_review,true,false
vg_26b70a6f56b8,446,629,exact_stem|normalised_stem,answer_variant_review,true,false
vg_26b70a6f56b8,446,1084,exact_stem|normalised_stem,answer_variant_review,true,false
vg_d29231b70bf3,448,448,exact_stem|normalised_stem,answer_variant_review,true,false
vg_d29231b70bf3,448,1087,exact_stem|normalised_stem,answer_variant_review,true,false
vg_061fee673014,456,456,exact_stem|normalised_stem,answer_variant_review,true,false
vg_061fee673014,456,1097,exact_stem|normalised_stem,answer_variant_review,true,false
vg_cc42c665b5ac,460,460,near_duplicate_stem,needs_review,false,false
vg_cc42c665b5ac,460,1101,near_duplicate_stem,needs_review,false,false
vg_43a91225bbc1,462,462,near_duplicate_stem,needs_review,false,false
vg_43a91225bbc1,462,973,near_duplicate_stem,needs_review,false,false
vg_43a91225bbc1,462,1069,near_duplicate_stem,needs_review,false,false
vg_0713e30f22b8,465,465,normalised_stem,needs_review,false,false
vg_0713e30f22b8,465,630,normalised_stem,needs_review,false,false
vg_4538380fc7b2,466,466,near_duplicate_stem,needs_review,false,false
vg_4538380fc7b2,466,1115,near_duplicate_stem,needs_review,false,false
vg_77fdafa2bd28,467,467,near_duplicate_stem,needs_review,false,false
vg_77fdafa2bd28,467,1116,near_duplicate_stem,needs_review,false,false
vg_053964834918,471,471,exact_stem|normalised_stem,answer_variant_review,true,false
vg_053964834918,471,1118,exact_stem|normalised_stem,answer_variant_review,true,false
vg_053964834918,471,1119,exact_stem|normalised_stem,answer_variant_review,true,false
vg_95a692fe4418,474,474,exact_stem|normalised_stem,answer_variant_review,true,false
vg_95a692fe4418,474,631,exact_stem|normalised_stem,answer_variant_review,true,false
vg_95a692fe4418,474,1124,exact_stem|normalised_stem,answer_variant_review,true,false
vg_95a692fe4418,474,1125,exact_stem|normalised_stem,answer_variant_review,true,false
vg_7d1a38dbf699,477,477,near_duplicate_stem,needs_review,false,false
vg_7d1a38dbf699,477,478,near_duplicate_stem,needs_review,false,false
vg_7d1a38dbf699,477,480,near_duplicate_stem,needs_review,false,false
vg_7d1a38dbf699,477,643,near_duplicate_stem,needs_review,false,false
vg_7d1a38dbf699,477,683,near_duplicate_stem,needs_review,false,false
vg_7d1a38dbf699,477,826,near_duplicate_stem,needs_review,false,false
vg_ff95c2584a06,478,478,exact_stem,needs_review,false,false
vg_ff95c2584a06,478,683,exact_stem,needs_review,false,false
vg_6ad387591f7d,478,478,normalised_stem,needs_review,false,false
vg_6ad387591f7d,478,683,normalised_stem,needs_review,false,false
vg_6ad387591f7d,478,826,normalised_stem,needs_review,false,false
vg_6e8e83015ac5,479,479,exact_stem,answer_variant_review,true,false
vg_6e8e83015ac5,479,1134,exact_stem,answer_variant_review,true,false
vg_f98f542809f3,479,479,normalised_stem,answer_variant_review,true,false
vg_f98f542809f3,479,1134,normalised_stem,answer_variant_review,true,false
vg_f98f542809f3,479,1135,normalised_stem,answer_variant_review,true,false
vg_05075e656bc2,480,480,exact_stem|normalised_stem,needs_review,false,false
vg_05075e656bc2,480,643,exact_stem|normalised_stem,needs_review,false,false
vg_e1c081949fd9,481,481,near_duplicate_stem,needs_review,false,false
vg_e1c081949fd9,481,1138,near_duplicate_stem,needs_review,false,false
vg_bd08ff9f5628,485,485,near_duplicate_stem,needs_review,false,false
vg_bd08ff9f5628,485,1147,near_duplicate_stem,needs_review,false,false
vg_0fb5501ec862,490,490,exact_stem|normalised_stem,answer_variant_review,true,false
vg_0fb5501ec862,490,1154,exact_stem|normalised_stem,answer_variant_review,true,false
vg_1eaa74c9f446,491,491,exact_stem|normalised_stem,answer_variant_review,true,false
vg_1eaa74c9f446,491,492,exact_stem|normalised_stem,answer_variant_review,true,false
vg_1eaa74c9f446,491,493,exact_stem|normalised_stem,answer_variant_review,true,false
vg_b54cece4047a,491,491,near_duplicate_stem,answer_variant_review,true,false
vg_b54cece4047a,491,492,near_duplicate_stem,answer_variant_review,true,false
vg_b54cece4047a,491,493,near_duplicate_stem,answer_variant_review,true,false
vg_b54cece4047a,491,895,near_duplicate_stem,answer_variant_review,true,false
vg_b54cece4047a,491,1155,near_duplicate_stem,answer_variant_review,true,false
vg_b54cece4047a,491,1156,near_duplicate_stem,answer_variant_review,true,false
vg_21cf8c61f215,495,495,exact_stem|normalised_stem,answer_variant_review,true,false
vg_21cf8c61f215,495,1251,exact_stem|normalised_stem,answer_variant_review,true,false
vg_4f48ac2f5b06,496,496,near_duplicate_stem,needs_review,false,false
vg_4f48ac2f5b06,496,1253,near_duplicate_stem,needs_review,false,false
vg_91b4588baaf7,500,500,exact_stem|normalised_stem,answer_variant_review,true,false
vg_91b4588baaf7,500,1150,exact_stem|normalised_stem,answer_variant_review,true,false
vg_91b4588baaf7,500,1151,exact_stem|normalised_stem,answer_variant_review,true,false
vg_9ad310341825,504,504,exact_stem|normalised_stem,answer_variant_review,true,false
vg_9ad310341825,504,1036,exact_stem|normalised_stem,answer_variant_review,true,false
vg_6902a76edbb7,508,508,exact_stem|normalised_stem,answer_variant_review,true,false
vg_6902a76edbb7,508,1092,exact_stem|normalised_stem,answer_variant_review,true,false
vg_a999167bf0b4,512,512,exact_stem|normalised_stem|same_question_answers_reordered,needs_review,false,false
vg_a999167bf0b4,512,711,exact_stem|normalised_stem|same_question_answers_reordered,needs_review,false,false
vg_c55b0783405e,513,513,exact_stem|normalised_stem,answer_variant_review,true,false
vg_c55b0783405e,513,1129,exact_stem|normalised_stem,answer_variant_review,true,false
vg_8c9daa8b7d1d,514,514,exact_stem|normalised_stem,needs_review,false,false
vg_8c9daa8b7d1d,514,550,exact_stem|normalised_stem,needs_review,false,false
vg_77be51794d54,517,517,exact_stem,answer_variant_review,true,false
vg_77be51794d54,517,688,exact_stem,answer_variant_review,true,false
vg_77be51794d54,517,689,exact_stem,answer_variant_review,true,false
vg_a9b2e2dbe3d5,517,517,normalised_stem,answer_variant_review,true,false
vg_a9b2e2dbe3d5,517,688,normalised_stem,answer_variant_review,true,false
vg_a9b2e2dbe3d5,517,689,normalised_stem,answer_variant_review,true,false
vg_a9b2e2dbe3d5,517,1246,normalised_stem,answer_variant_review,true,false
vg_a9b2e2dbe3d5,517,1247,normalised_stem,answer_variant_review,true,false
vg_ce782294e6c5,518,518,exact_stem|normalised_stem,answer_variant_review,true,false
vg_ce782294e6c5,518,690,exact_stem|normalised_stem,answer_variant_review,true,false
vg_ce782294e6c5,518,691,exact_stem|normalised_stem,answer_variant_review,true,false
vg_15c55e249e41,519,519,near_duplicate_stem,needs_review,false,false
vg_15c55e249e41,519,1243,near_duplicate_stem,needs_review,false,false
vg_15c55e249e41,519,1245,near_duplicate_stem,needs_review,false,false
vg_17e30bc709d5,522,522,exact_stem|normalised_stem,needs_review,false,false
vg_17e30bc709d5,522,665,exact_stem|normalised_stem,needs_review,false,false
vg_c5c0c70a0739,525,525,exact_stem|normalised_stem|same_question_answers_reordered,needs_review,false,false
vg_c5c0c70a0739,525,724,exact_stem|normalised_stem|same_question_answers_reordered,needs_review,false,false
vg_7a10d4179dc0,526,526,exact_stem|normalised_stem|same_question_answers_reordered,needs_review,false,false
vg_7a10d4179dc0,526,828,exact_stem|normalised_stem|same_question_answers_reordered,needs_review,false,false
vg_0c71e03fd441,527,527,exact_stem|normalised_stem|same_question_answers_reordered,needs_review,false,false
vg_0c71e03fd441,527,717,exact_stem|normalised_stem|same_question_answers_reordered,needs_review,false,false
vg_25226e14877a,531,531,exact_stem|normalised_stem|same_question_answers_reordered,needs_review,false,false
vg_25226e14877a,531,735,exact_stem|normalised_stem|same_question_answers_reordered,needs_review,false,false
vg_cdf0d73c3a0e,532,532,exact_stem|normalised_stem|same_question_answers_reordered,needs_review,false,false
vg_cdf0d73c3a0e,532,728,exact_stem|normalised_stem|same_question_answers_reordered,needs_review,false,false
vg_e78d72595816,533,533,exact_stem|normalised_stem|same_question_answers_reordered,needs_review,false,false
vg_e78d72595816,533,590,exact_stem|normalised_stem|same_question_answers_reordered,needs_review,false,false
vg_d05e4120d9de,534,534,near_duplicate_stem,answer_variant_review,true,false
vg_d05e4120d9de,534,983,near_duplicate_stem,answer_variant_review,true,false
vg_d05e4120d9de,534,984,near_duplicate_stem,answer_variant_review,true,false
vg_6372a86ef52f,535,535,exact_stem|normalised_stem|same_question_answers_reordered,needs_review,false,false
vg_6372a86ef52f,535,736,exact_stem|normalised_stem|same_question_answers_reordered,needs_review,false,false
vg_b1d44762fa71,536,536,exact_stem|normalised_stem|same_question_answers_reordered,needs_review,false,false
vg_b1d44762fa71,536,738,exact_stem|normalised_stem|same_question_answers_reordered,needs_review,false,false
vg_b1d44762fa71,536,795,exact_stem|normalised_stem|same_question_answers_reordered,needs_review,false,false
vg_c8c0e263a24b,536,536,near_duplicate_stem,needs_review,false,false
vg_c8c0e263a24b,536,537,near_duplicate_stem,needs_review,false,false
vg_c8c0e263a24b,536,617,near_duplicate_stem,needs_review,false,false
vg_c8c0e263a24b,536,737,near_duplicate_stem,needs_review,false,false
vg_c8c0e263a24b,536,738,near_duplicate_stem,needs_review,false,false
vg_c8c0e263a24b,536,739,near_duplicate_stem,needs_review,false,false
vg_c8c0e263a24b,536,795,near_duplicate_stem,needs_review,false,false
vg_5c06081bc6e8,537,537,exact_stem|normalised_stem|same_question_answers_reordered,needs_review,false,false
vg_5c06081bc6e8,537,739,exact_stem|normalised_stem|same_question_answers_reordered,needs_review,false,false
vg_10c4b69d2ca5,541,541,exact_stem|normalised_stem,answer_variant_review,true,false
vg_10c4b69d2ca5,541,542,exact_stem|normalised_stem,answer_variant_review,true,false
vg_553a96c62bac,543,543,exact_stem|normalised_stem,answer_variant_review,true,false
vg_553a96c62bac,543,577,exact_stem|normalised_stem,answer_variant_review,true,false
vg_553a96c62bac,543,637,exact_stem|normalised_stem,answer_variant_review,true,false
vg_553a96c62bac,543,638,exact_stem|normalised_stem,answer_variant_review,true,false
vg_553a96c62bac,543,712,exact_stem|normalised_stem,answer_variant_review,true,false
vg_f26c589cbdb3,543,543,same_question_answers_reordered,needs_review,false,false
vg_f26c589cbdb3,543,712,same_question_answers_reordered,needs_review,false,false
vg_243ae1f42fcc,545,545,exact_stem|normalised_stem|same_question_answers_reordered,needs_review,false,false
vg_243ae1f42fcc,545,885,exact_stem|normalised_stem|same_question_answers_reordered,needs_review,false,false
vg_bc75a6db318d,546,546,exact_stem|normalised_stem|same_question_answers_reordered,needs_review,false,false
vg_bc75a6db318d,546,886,exact_stem|normalised_stem|same_question_answers_reordered,needs_review,false,false
vg_d45e098f122a,547,547,exact_stem|normalised_stem|same_question_answers_reordered,needs_review,false,false
vg_d45e098f122a,547,713,exact_stem|normalised_stem|same_question_answers_reordered,needs_review,false,false
vg_f8ae5a3da02e,548,548,normalised_stem|same_question_answers_reordered,needs_review,false,false
vg_f8ae5a3da02e,548,866,normalised_stem|same_question_answers_reordered,needs_review,false,false
vg_6a94e4ae8cc8,549,549,exact_stem|normalised_stem|same_question_answers_reordered,needs_review,false,false
vg_6a94e4ae8cc8,549,867,exact_stem|normalised_stem|same_question_answers_reordered,needs_review,false,false
vg_24270701ef80,551,551,exact_stem|normalised_stem|same_question_answers_reordered,needs_review,false,false
vg_24270701ef80,551,869,exact_stem|normalised_stem|same_question_answers_reordered,needs_review,false,false
vg_eb192a8e6d26,552,552,exact_stem|normalised_stem|same_question_answers_reordered,needs_review,false,false
vg_eb192a8e6d26,552,872,exact_stem|normalised_stem|same_question_answers_reordered,needs_review,false,false
vg_16fb5fc2ff50,554,554,exact_stem|normalised_stem|same_question_answers_reordered,needs_review,false,false
vg_16fb5fc2ff50,554,875,exact_stem|normalised_stem|same_question_answers_reordered,needs_review,false,false
vg_54f08f69cf16,555,555,exact_stem|normalised_stem|same_question_answers_reordered,needs_review,false,false
vg_54f08f69cf16,555,878,exact_stem|normalised_stem|same_question_answers_reordered,needs_review,false,false
vg_c58f7bfcf73a,555,555,near_duplicate_stem,needs_review,false,false
vg_c58f7bfcf73a,555,873,near_duplicate_stem,needs_review,false,false
vg_c58f7bfcf73a,555,878,near_duplicate_stem,needs_review,false,false
vg_b7b0614edd4c,556,556,exact_stem|normalised_stem|same_question_answers_reordered,needs_review,false,false
vg_b7b0614edd4c,556,880,exact_stem|normalised_stem|same_question_answers_reordered,needs_review,false,false
vg_6c4244d671fc,557,557,exact_stem|normalised_stem|same_question_answers_reordered,needs_review,false,false
vg_6c4244d671fc,557,881,exact_stem|normalised_stem|same_question_answers_reordered,needs_review,false,false
vg_2fd1b2548aa8,559,559,exact_stem|normalised_stem,answer_variant_review,true,false
vg_2fd1b2548aa8,559,937,exact_stem|normalised_stem,answer_variant_review,true,false
vg_ceaad7c77cd5,560,560,near_duplicate_stem,needs_review,false,false
vg_ceaad7c77cd5,560,1067,near_duplicate_stem,needs_review,false,false
vg_00ba0dc98eb1,562,562,exact_stem|normalised_stem,answer_variant_review,true,false
vg_00ba0dc98eb1,562,645,exact_stem|normalised_stem,answer_variant_review,true,false
vg_00ba0dc98eb1,562,943,exact_stem|normalised_stem,answer_variant_review,true,false
vg_532cb866e9f0,565,565,exact_stem|normalised_stem,answer_variant_review,true,false
vg_532cb866e9f0,565,1005,exact_stem|normalised_stem,answer_variant_review,true,false
vg_5dfcdbd2e920,568,568,exact_stem|normalised_stem,answer_variant_review,true,false
vg_5dfcdbd2e920,568,1010,exact_stem|normalised_stem,answer_variant_review,true,false
vg_b26ad7810e71,572,572,near_duplicate_stem,needs_review,false,false
vg_b26ad7810e71,572,573,near_duplicate_stem,needs_review,false,false
vg_b26ad7810e71,572,1221,near_duplicate_stem,needs_review,false,false
vg_045ad6e3b9b4,574,574,normalised_stem,answer_variant_review,true,false
vg_045ad6e3b9b4,574,1222,normalised_stem,answer_variant_review,true,false
vg_e61a157fde06,576,576,normalised_stem,answer_variant_review,true,false
vg_e61a157fde06,576,627,normalised_stem,answer_variant_review,true,false
vg_d57eec954c44,577,577,same_question_answers_reordered,needs_review,false,false
vg_d57eec954c44,577,638,same_question_answers_reordered,needs_review,false,false
vg_5f5a66eb1fe4,580,580,exact_stem|normalised_stem,answer_variant_review,true,false
vg_5f5a66eb1fe4,580,612,exact_stem|normalised_stem,answer_variant_review,true,false
vg_5f5a66eb1fe4,580,732,exact_stem|normalised_stem,answer_variant_review,true,false
vg_77cace7902ce,582,582,exact_stem|normalised_stem,answer_variant_review,true,false
vg_77cace7902ce,582,1237,exact_stem|normalised_stem,answer_variant_review,true,false
vg_9b6e3935bf7a,586,586,exact_stem|normalised_stem,answer_variant_review,true,false
vg_9b6e3935bf7a,586,1238,exact_stem|normalised_stem,answer_variant_review,true,false
vg_9a2d2ba45193,587,587,exact_stem,needs_review,false,false
vg_9a2d2ba45193,587,797,exact_stem,needs_review,false,false
vg_0de5e1bccd63,587,587,normalised_stem,needs_review,false,false
vg_0de5e1bccd63,587,777,normalised_stem,needs_review,false,false
vg_0de5e1bccd63,587,797,normalised_stem,needs_review,false,false
vg_c065fde53cb3,592,592,near_duplicate_stem,needs_review,false,false
vg_c065fde53cb3,592,593,near_duplicate_stem,needs_review,false,false
vg_0e1ce8d333f1,595,595,near_duplicate_stem,needs_review,false,false
vg_0e1ce8d333f1,595,1260,near_duplicate_stem,needs_review,false,false
vg_6b125c19f546,597,597,exact_stem|normalised_stem,answer_variant_review,true,false
vg_6b125c19f546,597,1263,exact_stem|normalised_stem,answer_variant_review,true,false
vg_12f772529d66,598,598,exact_stem|normalised_stem,answer_variant_review,true,false
vg_12f772529d66,598,1265,exact_stem|normalised_stem,answer_variant_review,true,false
vg_9e110f08d039,599,599,exact_stem|normalised_stem,answer_variant_review,true,false
vg_9e110f08d039,599,600,exact_stem|normalised_stem,answer_variant_review,true,false
vg_7d01c897ef07,602,602,exact_stem|normalised_stem|same_question_answers_reordered,needs_review,false,false
vg_7d01c897ef07,602,722,exact_stem|normalised_stem|same_question_answers_reordered,needs_review,false,false
vg_a068a987dee1,604,604,exact_stem|normalised_stem|same_question_answers_reordered,needs_review,false,false
vg_a068a987dee1,604,723,exact_stem|normalised_stem|same_question_answers_reordered,needs_review,false,false
vg_7840006771c4,608,608,exact_stem|normalised_stem|same_question_answers_reordered,needs_review,false,false
vg_7840006771c4,608,841,exact_stem|normalised_stem|same_question_answers_reordered,needs_review,false,false
vg_7cc321c426cf,609,609,exact_stem|normalised_stem|same_question_answers_reordered,needs_review,false,false
vg_7cc321c426cf,609,848,exact_stem|normalised_stem|same_question_answers_reordered,needs_review,false,false
vg_d423afd4e1c3,610,610,exact_stem|normalised_stem|same_question_answers_reordered,needs_review,false,false
vg_d423afd4e1c3,610,730,exact_stem|normalised_stem|same_question_answers_reordered,needs_review,false,false
vg_735725d26768,610,610,near_duplicate_stem,needs_review,false,false
vg_735725d26768,610,730,near_duplicate_stem,needs_review,false,false
vg_735725d26768,610,1299,near_duplicate_stem,needs_review,false,false
vg_facd430f0ba1,611,611,exact_stem|normalised_stem|same_question_answers_reordered,needs_review,false,false
vg_facd430f0ba1,611,731,exact_stem|normalised_stem|same_question_answers_reordered,needs_review,false,false
vg_c714bcc99776,611,611,near_duplicate_stem,needs_review,false,false
vg_c714bcc99776,611,731,near_duplicate_stem,needs_review,false,false
vg_c714bcc99776,611,1300,near_duplicate_stem,needs_review,false,false
vg_c074a67a6212,612,612,same_question_answers_reordered,needs_review,false,false
vg_c074a67a6212,612,732,same_question_answers_reordered,needs_review,false,false
vg_88ccaadcf810,616,616,near_duplicate_stem,needs_review,false,false
vg_88ccaadcf810,616,794,near_duplicate_stem,needs_review,false,false
vg_70a90da7c9e6,617,617,exact_stem|normalised_stem|same_question_answers_reordered,needs_review,false,false
vg_70a90da7c9e6,617,737,exact_stem|normalised_stem|same_question_answers_reordered,needs_review,false,false
vg_fe2941ca29d5,619,619,near_duplicate_stem,needs_review,false,false
vg_fe2941ca29d5,619,620,near_duplicate_stem,needs_review,false,false
vg_f5c2fccfa00d,623,623,exact_stem|normalised_stem,needs_review,false,false
vg_f5c2fccfa00d,623,701,exact_stem|normalised_stem,needs_review,false,false
vg_741fb527faec,625,625,exact_stem|normalised_stem,answer_variant_review,true,false
vg_741fb527faec,625,1317,exact_stem|normalised_stem,answer_variant_review,true,false
vg_741fb527faec,625,1318,exact_stem|normalised_stem,answer_variant_review,true,false
vg_1e4ba676600e,632,632,near_duplicate_stem,needs_review,false,false
vg_1e4ba676600e,632,1120,near_duplicate_stem,needs_review,false,false
vg_7ee8a518762c,634,634,exact_stem|normalised_stem,answer_variant_review,true,false
vg_7ee8a518762c,634,635,exact_stem|normalised_stem,answer_variant_review,true,false
vg_ea415ce9edd6,636,636,exact_stem|normalised_stem,needs_review,false,false
vg_ea415ce9edd6,636,644,exact_stem|normalised_stem,needs_review,false,false
vg_29e81db00d0d,640,640,normalised_stem,answer_variant_review,true,false
vg_29e81db00d0d,640,1096,normalised_stem,answer_variant_review,true,false
vg_96efb34e09f5,646,646,exact_stem|normalised_stem,answer_variant_review,true,false
vg_96efb34e09f5,646,879,exact_stem|normalised_stem,answer_variant_review,true,false
vg_5cd2a41b7064,647,647,exact_stem|normalised_stem|same_question_answers_reordered,needs_review,false,false
vg_5cd2a41b7064,647,877,exact_stem|normalised_stem|same_question_answers_reordered,needs_review,false,false
vg_8056510478c4,647,647,near_duplicate_stem,needs_review,false,false
vg_8056510478c4,647,877,near_duplicate_stem,needs_review,false,false
vg_8056510478c4,647,882,near_duplicate_stem,needs_review,false,false
vg_c1a716f8a20b,648,648,exact_stem|normalised_stem|same_question_answers_reordered,needs_review,false,false
vg_c1a716f8a20b,648,887,exact_stem|normalised_stem|same_question_answers_reordered,needs_review,false,false
vg_5fe31e4a36cb,649,649,near_duplicate_stem,needs_review,false,false
vg_5fe31e4a36cb,649,651,near_duplicate_stem,needs_review,false,false
vg_08c75df09a1e,657,657,near_duplicate_stem,needs_review,false,false
vg_08c75df09a1e,657,658,near_duplicate_stem,needs_review,false,false
vg_2e1d81c20033,660,660,near_duplicate_stem,needs_review,false,false
vg_2e1d81c20033,660,661,near_duplicate_stem,needs_review,false,false
vg_fb9ea4026a63,672,672,exact_stem|normalised_stem,needs_review,false,false
vg_fb9ea4026a63,672,693,exact_stem|normalised_stem,needs_review,false,false
vg_94e9fbda3c90,680,680,exact_stem|normalised_stem,answer_variant_review,true,false
vg_94e9fbda3c90,680,1121,exact_stem|normalised_stem,answer_variant_review,true,false
vg_31a1e8175a14,685,685,exact_stem|normalised_stem,answer_variant_review,true,false
vg_31a1e8175a14,685,686,exact_stem|normalised_stem,answer_variant_review,true,false
vg_5859d128b4ed,692,692,normalised_stem,answer_variant_review,true,false
vg_5859d128b4ed,692,1132,normalised_stem,answer_variant_review,true,false
vg_5859d128b4ed,692,1133,normalised_stem,answer_variant_review,true,false
vg_9c6e6b91408e,695,695,exact_stem|normalised_stem,answer_variant_review,true,false
vg_9c6e6b91408e,695,951,exact_stem|normalised_stem,answer_variant_review,true,false
vg_1c6badbe4116,700,700,near_duplicate_stem,needs_review,false,false
vg_1c6badbe4116,700,954,near_duplicate_stem,needs_review,false,false
vg_352c6649a8a0,705,705,normalised_stem,answer_variant_review,true,false
vg_352c6649a8a0,705,959,normalised_stem,answer_variant_review,true,false
vg_9eebdb73c281,706,706,near_duplicate_stem,needs_review,false,false
vg_9eebdb73c281,706,960,near_duplicate_stem,needs_review,false,false
vg_dbb1e4e3a646,714,714,exact_stem|normalised_stem,answer_variant_review,true,false
vg_dbb1e4e3a646,714,971,exact_stem|normalised_stem,answer_variant_review,true,false
vg_e29bba06b4a9,715,715,exact_stem|normalised_stem,answer_variant_review,true,false
vg_e29bba06b4a9,715,972,exact_stem|normalised_stem,answer_variant_review,true,false
vg_085d690bc48b,715,715,near_duplicate_stem,answer_variant_review,true,false
vg_085d690bc48b,715,972,near_duplicate_stem,answer_variant_review,true,false
vg_085d690bc48b,715,986,near_duplicate_stem,answer_variant_review,true,false
vg_b6c51de72725,718,718,same_image_repeated_question,answer_variant_review,true,false
vg_b6c51de72725,718,719,same_image_repeated_question,answer_variant_review,true,false
vg_b6c51de72725,718,720,same_image_repeated_question,answer_variant_review,true,false
vg_69408c9f48a8,725,725,exact_stem|normalised_stem,answer_variant_review,true,false
vg_69408c9f48a8,725,726,exact_stem|normalised_stem,answer_variant_review,true,false
vg_69408c9f48a8,725,985,exact_stem|normalised_stem,answer_variant_review,true,false
vg_e618cb647fab,729,729,exact_stem|normalised_stem,answer_variant_review,true,false
vg_e618cb647fab,729,1287,exact_stem|normalised_stem,answer_variant_review,true,false
vg_33206da60e06,765,765,exact_stem|normalised_stem,needs_review,false,false
vg_33206da60e06,765,804,exact_stem|normalised_stem,needs_review,false,false
vg_2a399721824d,766,766,exact_stem|normalised_stem,needs_review,false,false
vg_2a399721824d,766,805,exact_stem|normalised_stem,needs_review,false,false
vg_0ff5b5a7d8d4,767,767,same_question_answers_reordered,needs_review,false,false
vg_0ff5b5a7d8d4,767,801,same_question_answers_reordered,needs_review,false,false
vg_0df41c239b99,768,768,exact_stem|normalised_stem|same_question_answers_reordered,needs_review,false,false
vg_0df41c239b99,768,802,exact_stem|normalised_stem|same_question_answers_reordered,needs_review,false,false
vg_0df41c239b99,768,838,exact_stem|normalised_stem|same_question_answers_reordered,needs_review,false,false
vg_a2eb3392d356,770,770,exact_stem|normalised_stem,answer_variant_review,true,false
vg_a2eb3392d356,770,1205,exact_stem|normalised_stem,answer_variant_review,true,false
vg_bfbe545c2479,772,772,exact_stem|normalised_stem|same_question_answers_reordered,needs_review,false,false
vg_bfbe545c2479,772,798,exact_stem|normalised_stem|same_question_answers_reordered,needs_review,false,false
vg_5f175750d2bd,775,775,near_duplicate_stem,needs_review,false,false
vg_5f175750d2bd,775,1212,near_duplicate_stem,needs_review,false,false
vg_81e670057a17,778,778,near_duplicate_stem,needs_review,false,false
vg_81e670057a17,778,1213,near_duplicate_stem,needs_review,false,false
vg_c4ccf0710073,779,779,exact_stem|normalised_stem,answer_variant_review,true,false
vg_c4ccf0710073,779,1214,exact_stem|normalised_stem,answer_variant_review,true,false
vg_a8d5ad3d333b,780,780,exact_stem|normalised_stem|same_question_answers_reordered,needs_review,false,false
vg_a8d5ad3d333b,780,891,exact_stem|normalised_stem|same_question_answers_reordered,needs_review,false,false
vg_ac3779631a82,780,780,near_duplicate_stem,needs_review,false,false
vg_ac3779631a82,780,891,near_duplicate_stem,needs_review,false,false
vg_ac3779631a82,780,1216,near_duplicate_stem,needs_review,false,false
vg_99b9335b5b37,796,796,normalised_stem,answer_variant_review,true,false
vg_99b9335b5b37,796,845,normalised_stem,answer_variant_review,true,false
vg_cf86aa483c3e,824,824,same_image_repeated_question,answer_variant_review,true,false
vg_cf86aa483c3e,824,923,same_image_repeated_question,answer_variant_review,true,false
vg_772eec374c31,850,850,near_duplicate_stem,needs_review,false,false
vg_772eec374c31,850,862,near_duplicate_stem,needs_review,false,false
vg_c514537ea565,890,890,near_duplicate_stem,needs_review,false,false
vg_c514537ea565,890,928,near_duplicate_stem,needs_review,false,false
vg_85338d2dbf6e,893,893,near_duplicate_stem,needs_review,false,false
vg_85338d2dbf6e,893,944,near_duplicate_stem,needs_review,false,false
vg_8fa3c10a55fb,975,975,exact_stem|normalised_stem|same_image_repeated_question,answer_variant_review,true,false
vg_8fa3c10a55fb,975,976,exact_stem|normalised_stem|same_image_repeated_question,answer_variant_review,true,false
vg_1dfd56e58277,979,979,exact_stem|normalised_stem|same_image_repeated_question,answer_variant_review,true,false
vg_1dfd56e58277,979,980,exact_stem|normalised_stem|same_image_repeated_question,answer_variant_review,true,false
vg_f1e1e7e00159,983,983,normalised_stem|same_image_repeated_question,answer_variant_review,true,false
vg_f1e1e7e00159,983,984,normalised_stem|same_image_repeated_question,answer_variant_review,true,false
vg_00f207860a89,1053,1053,near_duplicate_stem,needs_review,false,false
vg_00f207860a89,1053,1054,near_duplicate_stem,needs_review,false,false
vg_466586d86c93,1057,1057,near_duplicate_stem,needs_review,false,false
vg_466586d86c93,1057,1058,near_duplicate_stem,needs_review,false,false
vg_439d55b7bc67,1071,1071,exact_stem|normalised_stem,answer_variant_review,true,false
vg_439d55b7bc67,1071,1072,exact_stem|normalised_stem,answer_variant_review,true,false
vg_96c5fdf3d2b9,1085,1085,near_duplicate_stem,needs_review,false,false
vg_96c5fdf3d2b9,1085,1086,near_duplicate_stem,needs_review,false,false
vg_52f0dea0cbdc,1100,1100,exact_stem|normalised_stem,answer_variant_review,true,false
vg_52f0dea0cbdc,1100,1106,exact_stem|normalised_stem,answer_variant_review,true,false
vg_07bc105cd756,1132,1132,exact_stem,answer_variant_review,true,false
vg_07bc105cd756,1132,1133,exact_stem,answer_variant_review,true,false
vg_36236ac11587,1144,1144,exact_stem|normalised_stem,answer_variant_review,true,false
vg_36236ac11587,1144,1320,exact_stem|normalised_stem,answer_variant_review,true,false
vg_ac46f6c94f40,1145,1145,exact_stem|normalised_stem,answer_variant_review,true,false
vg_ac46f6c94f40,1145,1146,exact_stem|normalised_stem,answer_variant_review,true,false
vg_33e2c3c01496,1155,1155,exact_stem|normalised_stem,answer_variant_review,true,false
vg_33e2c3c01496,1155,1156,exact_stem|normalised_stem,answer_variant_review,true,false
vg_4d2001df47c1,1157,1157,exact_stem|normalised_stem,answer_variant_review,true,false
vg_4d2001df47c1,1157,1158,exact_stem|normalised_stem,answer_variant_review,true,false
vg_bf34234ce574,1161,1161,near_duplicate_stem,needs_review,false,false
vg_bf34234ce574,1161,1162,near_duplicate_stem,needs_review,false,false
vg_bf4e251b17cb,1246,1246,exact_stem,answer_variant_review,true,false
vg_bf4e251b17cb,1246,1247,exact_stem,answer_variant_review,true,false
vg_a326b4477f80,1297,1297,normalised_stem,answer_variant_review,true,false
vg_a326b4477f80,1297,1298,normalised_stem,answer_variant_review,true,false
vg_6add0f0bc56a,1314,1314,exact_stem|normalised_stem,answer_variant_review,true,false
vg_6add0f0bc56a,1314,1315,exact_stem|normalised_stem,answer_variant_review,true,false
