item_type,priority,group_id,question_ids,reason,review_status,message
answer_variant,warning,vg_453c6f47ee89,8|825|1248|1249,exact_stem|normalised_stem,answer_variant_review,Repeated stem uses different answer sets or scenarios; review as a legitimate variant without changing answers automatically.
answer_variant,warning,vg_89be2e6448b8,15|16|17|670,exact_stem|normalised_stem,answer_variant_review,Repeated stem uses different answer sets or scenarios; review as a legitimate variant without changing answers automatically.
answer_variant,warning,vg_4ade41eae008,36|37,same_image_repeated_question,answer_variant_review,Repeated stem uses different answer sets or scenarios; review as a legitimate variant without changing answers automatically.
answer_variant,warning,vg_d56007cb5f95,53|200|1169,exact_stem|normalised_stem,answer_variant_review,Repeated stem uses different answer sets or scenarios; review as a legitimate variant without changing answers automatically.
answer_variant,warning,vg_dbd0febbe76c,58|1174,exact_stem|normalised_stem,answer_variant_review,Repeated stem uses different answer sets or scenarios; review as a legitimate variant without changing answers automatically.
answer_variant,warning,vg_2957cb004efa,73|1281,exact_stem|normalised_stem,answer_variant_review,Repeated stem uses different answer sets or scenarios; review as a legitimate variant without changing answers automatically.
answer_variant,warning,vg_f40b99c6aca3,76|168,exact_stem|normalised_stem,answer_variant_review,Repeated stem uses different answer sets or scenarios; review as a legitimate variant without changing answers automatically.
answer_variant,warning,vg_1bb7b39c1680,84|935,exact_stem|normalised_stem,answer_variant_review,Repeated stem uses different answer sets or scenarios; review as a legitimate variant without changing answers automatically.
answer_variant,warning,vg_4e3d64cd76d6,114|115|918|919|920,exact_stem|normalised_stem,answer_variant_review,Repeated stem uses different answer sets or scenarios; review as a legitimate variant without changing answers automatically.
answer_variant,warning,vg_9fea25e5d595,126|127|128|129|241|927,exact_stem|normalised_stem,answer_variant_review,Repeated stem uses different answer sets or scenarios; review as a legitimate variant without changing answers automatically.
answer_variant,warning,vg_f549c76187f8,126|127|128|129|241|342|927|1200|1201|1202,near_duplicate_stem,answer_variant_review,Repeated stem uses different answer sets or scenarios; review as a legitimate variant without changing answers automatically.
answer_variant,warning,vg_fe738827d09a,131|974,normalised_stem,answer_variant_review,Repeated stem uses different answer sets or scenarios; review as a legitimate variant without changing answers automatically.
answer_variant,warning,vg_3b0d0a69af9b,160|232|233|234|235|911|912|913|915|916|917,exact_stem|normalised_stem,answer_variant_review,Repeated stem uses different answer sets or scenarios; review as a legitimate variant without changing answers automatically.
answer_variant,warning,vg_d45488b68528,165|166,same_image_repeated_question,answer_variant_review,Repeated stem uses different answer sets or scenarios; review as a legitimate variant without changing answers automatically.
answer_variant,warning,vg_1f0c3559c4bb,198|521,exact_stem|normalised_stem,answer_variant_review,Repeated stem uses different answer sets or scenarios; review as a legitimate variant without changing answers automatically.
answer_variant,warning,vg_3312482773fd,248|249|250|251|252|716|718|719|720,exact_stem|normalised_stem,answer_variant_review,Repeated stem uses different answer sets or scenarios; review as a legitimate variant without changing answers automatically.
answer_variant,warning,vg_848342a64b06,248|249|250|251|252,same_image_repeated_question,answer_variant_review,Repeated stem uses different answer sets or scenarios; review as a legitimate variant without changing answers automatically.
answer_variant,warning,vg_6aee662ff433,262|1178,exact_stem|normalised_stem,answer_variant_review,Repeated stem uses different answer sets or scenarios; review as a legitimate variant without changing answers automatically.
answer_variant,warning,vg_c7aa38b871eb,266|1183,exact_stem|normalised_stem,answer_variant_review,Repeated stem uses different answer sets or scenarios; review as a legitimate variant without changing answers automatically.
answer_variant,warning,vg_4aa5ff8666cf,268|987,exact_stem|normalised_stem|same_image_repeated_question,answer_variant_review,Repeated stem uses different answer sets or scenarios; review as a legitimate variant without changing answers automatically.
answer_variant,warning,vg_d445c5799a7f,269|1189,exact_stem|normalised_stem,answer_variant_review,Repeated stem uses different answer sets or scenarios; review as a legitimate variant without changing answers automatically.
answer_variant,warning,vg_86653f03481c,273|1193,exact_stem|normalised_stem,answer_variant_review,Repeated stem uses different answer sets or scenarios; review as a legitimate variant without changing answers automatically.
answer_variant,warning,vg_4c4d9749624d,274|1194,exact_stem|normalised_stem,answer_variant_review,Repeated stem uses different answer sets or scenarios; review as a legitimate variant without changing answers automatically.
answer_variant,warning,vg_88c761656d3f,276|1195,normalised_stem,answer_variant_review,Repeated stem uses different answer sets or scenarios; review as a legitimate variant without changing answers automatically.
answer_variant,warning,vg_85cc3f018a04,280|1199,exact_stem|normalised_stem,answer_variant_review,Repeated stem uses different answer sets or scenarios; review as a legitimate variant without changing answers automatically.
answer_variant,warning,vg_5c44966b6c7f,293|1228,exact_stem|normalised_stem,answer_variant_review,Repeated stem uses different answer sets or scenarios; review as a legitimate variant without changing answers automatically.
answer_variant,warning,vg_3ae05fb7df28,293|1228|1242,near_duplicate_stem,answer_variant_review,Repeated stem uses different answer sets or scenarios; review as a legitimate variant without changing answers automatically.
answer_variant,warning,vg_a99da8af234b,301|1198,exact_stem|normalised_stem,answer_variant_review,Repeated stem uses different answer sets or scenarios; review as a legitimate variant without changing answers automatically.
answer_variant,warning,vg_aeca9de65171,302|335|1256,exact_stem|normalised_stem,answer_variant_review,Repeated stem uses different answer sets or scenarios; review as a legitimate variant without changing answers automatically.
answer_variant,warning,vg_8273348f9898,304|1259,exact_stem|normalised_stem,answer_variant_review,Repeated stem uses different answer sets or scenarios; review as a legitimate variant without changing answers automatically.
answer_variant,warning,vg_e6fb94495376,304|332|1259,near_duplicate_stem,answer_variant_review,Repeated stem uses different answer sets or scenarios; review as a legitimate variant without changing answers automatically.
answer_variant,warning,vg_26427cdd012b,311|312,exact_stem|normalised_stem,answer_variant_review,Repeated stem uses different answer sets or scenarios; review as a legitimate variant without changing answers automatically.
answer_variant,warning,vg_e7be83b6b85a,311|312|729|1287,near_duplicate_stem,answer_variant_review,Repeated stem uses different answer sets or scenarios; review as a legitimate variant without changing answers automatically.
answer_variant,warning,vg_7e50af61b5a4,314|315|316|840|1293,near_duplicate_stem,answer_variant_review,Repeated stem uses different answer sets or scenarios; review as a legitimate variant without changing answers automatically.
answer_variant,warning,vg_75c913770ff9,315|316,exact_stem,answer_variant_review,Repeated stem uses different answer sets or scenarios; review as a legitimate variant without changing answers automatically.
answer_variant,warning,vg_f167185eb827,315|316|1293,normalised_stem,answer_variant_review,Repeated stem uses different answer sets or scenarios; review as a legitimate variant without changing answers automatically.
answer_variant,warning,vg_b407e190032b,321|859,exact_stem|normalised_stem,answer_variant_review,Repeated stem uses different answer sets or scenarios; review as a legitimate variant without changing answers automatically.
answer_variant,warning,vg_44f7eeb56f53,322|331,exact_stem|normalised_stem,answer_variant_review,Repeated stem uses different answer sets or scenarios; review as a legitimate variant without changing answers automatically.
answer_variant,warning,vg_3c14c5a9eec2,324|786,exact_stem|normalised_stem,answer_variant_review,Repeated stem uses different answer sets or scenarios; review as a legitimate variant without changing answers automatically.
answer_variant,warning,vg_16b7fe69a5ef,324|325|786|1307,near_duplicate_stem,answer_variant_review,Repeated stem uses different answer sets or scenarios; review as a legitimate variant without changing answers automatically.
answer_variant,warning,vg_9428dd35201b,330|767|801,exact_stem|normalised_stem,answer_variant_review,Repeated stem uses different answer sets or scenarios; review as a legitimate variant without changing answers automatically.
answer_variant,warning,vg_da5a0381b398,330|767|801|1252,near_duplicate_stem,answer_variant_review,Repeated stem uses different answer sets or scenarios; review as a legitimate variant without changing answers automatically.
answer_variant,warning,vg_5f8c6231891b,342|1200|1201|1202,exact_stem|normalised_stem,answer_variant_review,Repeated stem uses different answer sets or scenarios; review as a legitimate variant without changing answers automatically.
answer_variant,warning,vg_af9e13833fd8,345|388,exact_stem|normalised_stem,answer_variant_review,Repeated stem uses different answer sets or scenarios; review as a legitimate variant without changing answers automatically.
answer_variant,warning,vg_59d2a920f096,347|1001,exact_stem|normalised_stem,answer_variant_review,Repeated stem uses different answer sets or scenarios; review as a legitimate variant without changing answers automatically.
answer_variant,warning,vg_eafebc68f2b2,348|1002,exact_stem|normalised_stem,answer_variant_review,Repeated stem uses different answer sets or scenarios; review as a legitimate variant without changing answers automatically.
answer_variant,warning,vg_250c475d4ed8,352|1006,exact_stem|normalised_stem,answer_variant_review,Repeated stem uses different answer sets or scenarios; review as a legitimate variant without changing answers automatically.
answer_variant,warning,vg_1954c4623b44,353|1007,exact_stem|normalised_stem,answer_variant_review,Repeated stem uses different answer sets or scenarios; review as a legitimate variant without changing answers automatically.
answer_variant,warning,vg_afb24a910455,354|1008,exact_stem|normalised_stem,answer_variant_review,Repeated stem uses different answer sets or scenarios; review as a legitimate variant without changing answers automatically.
answer_variant,warning,vg_28608e221367,363|405,exact_stem|normalised_stem,answer_variant_review,Repeated stem uses different answer sets or scenarios; review as a legitimate variant without changing answers automatically.
answer_variant,warning,vg_1acd80dd1de9,365|408|436,exact_stem|normalised_stem,answer_variant_review,Repeated stem uses different answer sets or scenarios; review as a legitimate variant without changing answers automatically.
answer_variant,warning,vg_e690597e4266,369|414|823,exact_stem|normalised_stem,answer_variant_review,Repeated stem uses different answer sets or scenarios; review as a legitimate variant without changing answers automatically.
answer_variant,warning,vg_3b8a379624a9,376|1028,exact_stem|normalised_stem,answer_variant_review,Repeated stem uses different answer sets or scenarios; review as a legitimate variant without changing answers automatically.
answer_variant,warning,vg_c5f1081bfaec,379|1029,exact_stem|normalised_stem,answer_variant_review,Repeated stem uses different answer sets or scenarios; review as a legitimate variant without changing answers automatically.
answer_variant,warning,vg_b09fa82da05f,381|1031,exact_stem|normalised_stem,answer_variant_review,Repeated stem uses different answer sets or scenarios; review as a legitimate variant without changing answers automatically.
answer_variant,warning,vg_2096a07d289b,382|506|1056,exact_stem|normalised_stem,answer_variant_review,Repeated stem uses different answer sets or scenarios; review as a legitimate variant without changing answers automatically.
answer_variant,warning,vg_716e44f50d86,384|1035,exact_stem|normalised_stem,answer_variant_review,Repeated stem uses different answer sets or scenarios; review as a legitimate variant without changing answers automatically.
answer_variant,warning,vg_1249b1fa6f60,390|1038,exact_stem|normalised_stem,answer_variant_review,Repeated stem uses different answer sets or scenarios; review as a legitimate variant without changing answers automatically.
answer_variant,warning,vg_9628c511058c,392|1040,exact_stem|normalised_stem,answer_variant_review,Repeated stem uses different answer sets or scenarios; review as a legitimate variant without changing answers automatically.
answer_variant,warning,vg_db9f034a351b,395|1042,exact_stem|normalised_stem,answer_variant_review,Repeated stem uses different answer sets or scenarios; review as a legitimate variant without changing answers automatically.
answer_variant,warning,vg_6c1cd7dfe410,397|1044,normalised_stem,answer_variant_review,Repeated stem uses different answer sets or scenarios; review as a legitimate variant without changing answers automatically.
answer_variant,warning,vg_9e683d3c1131,398|1045,exact_stem|normalised_stem,answer_variant_review,Repeated stem uses different answer sets or scenarios; review as a legitimate variant without changing answers automatically.
answer_variant,warning,vg_4b8999710062,416|1023,exact_stem|normalised_stem,answer_variant_review,Repeated stem uses different answer sets or scenarios; review as a legitimate variant without changing answers automatically.
answer_variant,warning,vg_5f057c605fdf,418|1026,exact_stem|normalised_stem,answer_variant_review,Repeated stem uses different answer sets or scenarios; review as a legitimate variant without changing answers automatically.
answer_variant,warning,vg_a51fd9fd276c,420|455|1060,exact_stem|normalised_stem,answer_variant_review,Repeated stem uses different answer sets or scenarios; review as a legitimate variant without changing answers automatically.
answer_variant,warning,vg_18eeda465fb0,424|1064,exact_stem|normalised_stem,answer_variant_review,Repeated stem uses different answer sets or scenarios; review as a legitimate variant without changing answers automatically.
answer_variant,warning,vg_4970a695a721,428|1068,exact_stem|normalised_stem,answer_variant_review,Repeated stem uses different answer sets or scenarios; review as a legitimate variant without changing answers automatically.
answer_variant,warning,vg_49cf4eb3192f,429|1094,exact_stem|normalised_stem,answer_variant_review,Repeated stem uses different answer sets or scenarios; review as a legitimate variant without changing answers automatically.
answer_variant,warning,vg_0d71423fa340,439|1078,exact_stem|normalised_stem,answer_variant_review,Repeated stem uses different answer sets or scenarios; review as a legitimate variant without changing answers automatically.
answer_variant,warning,vg_abb02c4eb817,444|822,exact_stem|normalised_stem,answer_variant_review,Repeated stem uses different answer sets or scenarios; review as a legitimate variant without changing answers automatically.
answer_variant,warning,vg_26b70a6f56b8,446|629|1084,exact_stem|normalised_stem,answer_variant_review,Repeated stem uses different answer sets or scenarios; review as a legitimate variant without changing answers automatically.
answer_variant,warning,vg_d29231b70bf3,448|1087,exact_stem|normalised_stem,answer_variant_review,Repeated stem uses different answer sets or scenarios; review as a legitimate variant without changing answers automatically.
answer_variant,warning,vg_061fee673014,456|1097,exact_stem|normalised_stem,answer_variant_review,Repeated stem uses different answer sets or scenarios; review as a legitimate variant without changing answers automatically.
answer_variant,warning,vg_053964834918,471|1118|1119,exact_stem|normalised_stem,answer_variant_review,Repeated stem uses different answer sets or scenarios; review as a legitimate variant without changing answers automatically.
answer_variant,warning,vg_95a692fe4418,474|631|1124|1125,exact_stem|normalised_stem,answer_variant_review,Repeated stem uses different answer sets or scenarios; review as a legitimate variant without changing answers automatically.
answer_variant,warning,vg_6e8e83015ac5,479|1134,exact_stem,answer_variant_review,Repeated stem uses different answer sets or scenarios; review as a legitimate variant without changing answers automatically.
answer_variant,warning,vg_f98f542809f3,479|1134|1135,normalised_stem,answer_variant_review,Repeated stem uses different answer sets or scenarios; review as a legitimate variant without changing answers automatically.
answer_variant,warning,vg_0fb5501ec862,490|1154,exact_stem|normalised_stem,answer_variant_review,Repeated stem uses different answer sets or scenarios; review as a legitimate variant without changing answers automatically.
answer_variant,warning,vg_1eaa74c9f446,491|492|493,exact_stem|normalised_stem,answer_variant_review,Repeated stem uses different answer sets or scenarios; review as a legitimate variant without changing answers automatically.
answer_variant,warning,vg_b54cece4047a,491|492|493|895|1155|1156,near_duplicate_stem,answer_variant_review,Repeated stem uses different answer sets or scenarios; review as a legitimate variant without changing answers automatically.
answer_variant,warning,vg_21cf8c61f215,495|1251,exact_stem|normalised_stem,answer_variant_review,Repeated stem uses different answer sets or scenarios; review as a legitimate variant without changing answers automatically.
answer_variant,warning,vg_91b4588baaf7,500|1150|1151,exact_stem|normalised_stem,answer_variant_review,Repeated stem uses different answer sets or scenarios; review as a legitimate variant without changing answers automatically.
answer_variant,warning,vg_9ad310341825,504|1036,exact_stem|normalised_stem,answer_variant_review,Repeated stem uses different answer sets or scenarios; review as a legitimate variant without changing answers automatically.
answer_variant,warning,vg_6902a76edbb7,508|1092,exact_stem|normalised_stem,answer_variant_review,Repeated stem uses different answer sets or scenarios; review as a legitimate variant without changing answers automatically.
answer_variant,warning,vg_c55b0783405e,513|1129,exact_stem|normalised_stem,answer_variant_review,Repeated stem uses different answer sets or scenarios; review as a legitimate variant without changing answers automatically.
answer_variant,warning,vg_77be51794d54,517|688|689,exact_stem,answer_variant_review,Repeated stem uses different answer sets or scenarios; review as a legitimate variant without changing answers automatically.
answer_variant,warning,vg_a9b2e2dbe3d5,517|688|689|1246|1247,normalised_stem,answer_variant_review,Repeated stem uses different answer sets or scenarios; review as a legitimate variant without changing answers automatically.
answer_variant,warning,vg_ce782294e6c5,518|690|691,exact_stem|normalised_stem,answer_variant_review,Repeated stem uses different answer sets or scenarios; review as a legitimate variant without changing answers automatically.
answer_variant,warning,vg_d05e4120d9de,534|983|984,near_duplicate_stem,answer_variant_review,Repeated stem uses different answer sets or scenarios; review as a legitimate variant without changing answers automatically.
answer_variant,warning,vg_10c4b69d2ca5,541|542,exact_stem|normalised_stem,answer_variant_review,Repeated stem uses different answer sets or scenarios; review as a legitimate variant without changing answers automatically.
answer_variant,warning,vg_553a96c62bac,543|577|637|638|712,exact_stem|normalised_stem,answer_variant_review,Repeated stem uses different answer sets or scenarios; review as a legitimate variant without changing answers automatically.
answer_variant,warning,vg_2fd1b2548aa8,559|937,exact_stem|normalised_stem,answer_variant_review,Repeated stem uses different answer sets or scenarios; review as a legitimate variant without changing answers automatically.
answer_variant,warning,vg_00ba0dc98eb1,562|645|943,exact_stem|normalised_stem,answer_variant_review,Repeated stem uses different answer sets or scenarios; review as a legitimate variant without changing answers automatically.
answer_variant,warning,vg_532cb866e9f0,565|1005,exact_stem|normalised_stem,answer_variant_review,Repeated stem uses different answer sets or scenarios; review as a legitimate variant without changing answers automatically.
answer_variant,warning,vg_5dfcdbd2e920,568|1010,exact_stem|normalised_stem,answer_variant_review,Repeated stem uses different answer sets or scenarios; review as a legitimate variant without changing answers automatically.
answer_variant,warning,vg_045ad6e3b9b4,574|1222,normalised_stem,answer_variant_review,Repeated stem uses different answer sets or scenarios; review as a legitimate variant without changing answers automatically.
answer_variant,warning,vg_e61a157fde06,576|627,normalised_stem,answer_variant_review,Repeated stem uses different answer sets or scenarios; review as a legitimate variant without changing answers automatically.
answer_variant,warning,vg_5f5a66eb1fe4,580|612|732,exact_stem|normalised_stem,answer_variant_review,Repeated stem uses different answer sets or scenarios; review as a legitimate variant without changing answers automatically.
answer_variant,warning,vg_77cace7902ce,582|1237,exact_stem|normalised_stem,answer_variant_review,Repeated stem uses different answer sets or scenarios; review as a legitimate variant without changing answers automatically.
answer_variant,warning,vg_9b6e3935bf7a,586|1238,exact_stem|normalised_stem,answer_variant_review,Repeated stem uses different answer sets or scenarios; review as a legitimate variant without changing answers automatically.
answer_variant,warning,vg_6b125c19f546,597|1263,exact_stem|normalised_stem,answer_variant_review,Repeated stem uses different answer sets or scenarios; review as a legitimate variant without changing answers automatically.
answer_variant,warning,vg_12f772529d66,598|1265,exact_stem|normalised_stem,answer_variant_review,Repeated stem uses different answer sets or scenarios; review as a legitimate variant without changing answers automatically.
answer_variant,warning,vg_9e110f08d039,599|600,exact_stem|normalised_stem,answer_variant_review,Repeated stem uses different answer sets or scenarios; review as a legitimate variant without changing answers automatically.
answer_variant,warning,vg_741fb527faec,625|1317|1318,exact_stem|normalised_stem,answer_variant_review,Repeated stem uses different answer sets or scenarios; review as a legitimate variant without changing answers automatically.
answer_variant,warning,vg_7ee8a518762c,634|635,exact_stem|normalised_stem,answer_variant_review,Repeated stem uses different answer sets or scenarios; review as a legitimate variant without changing answers automatically.
answer_variant,warning,vg_29e81db00d0d,640|1096,normalised_stem,answer_variant_review,Repeated stem uses different answer sets or scenarios; review as a legitimate variant without changing answers automatically.
answer_variant,warning,vg_96efb34e09f5,646|879,exact_stem|normalised_stem,answer_variant_review,Repeated stem uses different answer sets or scenarios; review as a legitimate variant without changing answers automatically.
answer_variant,warning,vg_94e9fbda3c90,680|1121,exact_stem|normalised_stem,answer_variant_review,Repeated stem uses different answer sets or scenarios; review as a legitimate variant without changing answers automatically.
answer_variant,warning,vg_31a1e8175a14,685|686,exact_stem|normalised_stem,answer_variant_review,Repeated stem uses different answer sets or scenarios; review as a legitimate variant without changing answers automatically.
answer_variant,warning,vg_5859d128b4ed,692|1132|1133,normalised_stem,answer_variant_review,Repeated stem uses different answer sets or scenarios; review as a legitimate variant without changing answers automatically.
answer_variant,warning,vg_9c6e6b91408e,695|951,exact_stem|normalised_stem,answer_variant_review,Repeated stem uses different answer sets or scenarios; review as a legitimate variant without changing answers automatically.
answer_variant,warning,vg_352c6649a8a0,705|959,normalised_stem,answer_variant_review,Repeated stem uses different answer sets or scenarios; review as a legitimate variant without changing answers automatically.
answer_variant,warning,vg_dbb1e4e3a646,714|971,exact_stem|normalised_stem,answer_variant_review,Repeated stem uses different answer sets or scenarios; review as a legitimate variant without changing answers automatically.
answer_variant,warning,vg_e29bba06b4a9,715|972,exact_stem|normalised_stem,answer_variant_review,Repeated stem uses different answer sets or scenarios; review as a legitimate variant without changing answers automatically.
answer_variant,warning,vg_085d690bc48b,715|972|986,near_duplicate_stem,answer_variant_review,Repeated stem uses different answer sets or scenarios; review as a legitimate variant without changing answers automatically.
answer_variant,warning,vg_b6c51de72725,718|719|720,same_image_repeated_question,answer_variant_review,Repeated stem uses different answer sets or scenarios; review as a legitimate variant without changing answers automatically.
answer_variant,warning,vg_69408c9f48a8,725|726|985,exact_stem|normalised_stem,answer_variant_review,Repeated stem uses different answer sets or scenarios; review as a legitimate variant without changing answers automatically.
answer_variant,warning,vg_e618cb647fab,729|1287,exact_stem|normalised_stem,answer_variant_review,Repeated stem uses different answer sets or scenarios; review as a legitimate variant without changing answers automatically.
answer_variant,warning,vg_a2eb3392d356,770|1205,exact_stem|normalised_stem,answer_variant_review,Repeated stem uses different answer sets or scenarios; review as a legitimate variant without changing answers automatically.
answer_variant,warning,vg_c4ccf0710073,779|1214,exact_stem|normalised_stem,answer_variant_review,Repeated stem uses different answer sets or scenarios; review as a legitimate variant without changing answers automatically.
answer_variant,warning,vg_99b9335b5b37,796|845,normalised_stem,answer_variant_review,Repeated stem uses different answer sets or scenarios; review as a legitimate variant without changing answers automatically.
answer_variant,warning,vg_cf86aa483c3e,824|923,same_image_repeated_question,answer_variant_review,Repeated stem uses different answer sets or scenarios; review as a legitimate variant without changing answers automatically.
answer_variant,warning,vg_8fa3c10a55fb,975|976,exact_stem|normalised_stem|same_image_repeated_question,answer_variant_review,Repeated stem uses different answer sets or scenarios; review as a legitimate variant without changing answers automatically.
answer_variant,warning,vg_1dfd56e58277,979|980,exact_stem|normalised_stem|same_image_repeated_question,answer_variant_review,Repeated stem uses different answer sets or scenarios; review as a legitimate variant without changing answers automatically.
answer_variant,warning,vg_f1e1e7e00159,983|984,normalised_stem|same_image_repeated_question,answer_variant_review,Repeated stem uses different answer sets or scenarios; review as a legitimate variant without changing answers automatically.
answer_variant,warning,vg_439d55b7bc67,1071|1072,exact_stem|normalised_stem,answer_variant_review,Repeated stem uses different answer sets or scenarios; review as a legitimate variant without changing answers automatically.
answer_variant,warning,vg_52f0dea0cbdc,1100|1106,exact_stem|normalised_stem,answer_variant_review,Repeated stem uses different answer sets or scenarios; review as a legitimate variant without changing answers automatically.
answer_variant,warning,vg_07bc105cd756,1132|1133,exact_stem,answer_variant_review,Repeated stem uses different answer sets or scenarios; review as a legitimate variant without changing answers automatically.
answer_variant,warning,vg_36236ac11587,1144|1320,exact_stem|normalised_stem,answer_variant_review,Repeated stem uses different answer sets or scenarios; review as a legitimate variant without changing answers automatically.
answer_variant,warning,vg_ac46f6c94f40,1145|1146,exact_stem|normalised_stem,answer_variant_review,Repeated stem uses different answer sets or scenarios; review as a legitimate variant without changing answers automatically.
answer_variant,warning,vg_33e2c3c01496,1155|1156,exact_stem|normalised_stem,answer_variant_review,Repeated stem uses different answer sets or scenarios; review as a legitimate variant without changing answers automatically.
answer_variant,warning,vg_4d2001df47c1,1157|1158,exact_stem|normalised_stem,answer_variant_review,Repeated stem uses different answer sets or scenarios; review as a legitimate variant without changing answers automatically.
answer_variant,warning,vg_bf4e251b17cb,1246|1247,exact_stem,answer_variant_review,Repeated stem uses different answer sets or scenarios; review as a legitimate variant without changing answers automatically.
answer_variant,warning,vg_a326b4477f80,1297|1298,normalised_stem,answer_variant_review,Repeated stem uses different answer sets or scenarios; review as a legitimate variant without changing answers automatically.
answer_variant,warning,vg_6add0f0bc56a,1314|1315,exact_stem|normalised_stem,answer_variant_review,Repeated stem uses different answer sets or scenarios; review as a legitimate variant without changing answers automatically.
duplicate,medium,vg_fd313b72b096,1|836,normalised_stem|same_question_answers_reordered,needs_review,Duplicate or near-duplicate variants need editorial grouping.
duplicate,medium,vg_ec32c9ac4148,4|6,near_duplicate_stem,needs_review,Duplicate or near-duplicate variants need editorial grouping.
duplicate,medium,vg_b5e4028fbc3f,21|172,normalised_stem|same_question_answers_reordered,needs_review,Duplicate or near-duplicate variants need editorial grouping.
duplicate,medium,vg_cbe335abf778,24|89,same_question_answers_reordered,needs_review,Duplicate or near-duplicate variants need editorial grouping.
duplicate,medium,vg_5a56d707349d,25|66,exact_stem|normalised_stem|same_question_answers_reordered,needs_review,Duplicate or near-duplicate variants need editorial grouping.
duplicate,medium,vg_0992622194c5,26|67|201,exact_stem|normalised_stem|same_question_answers_reordered,needs_review,Duplicate or near-duplicate variants need editorial grouping.
duplicate,medium,vg_390881494671,27|68,exact_stem|normalised_stem|same_question_answers_reordered,needs_review,Duplicate or near-duplicate variants need editorial grouping.
duplicate,medium,vg_b06b3acd9124,33|161,same_question_answers_reordered,needs_review,Duplicate or near-duplicate variants need editorial grouping.
duplicate,medium,vg_37efa0873d27,34|163,same_question_answers_reordered,needs_review,Duplicate or near-duplicate variants need editorial grouping.
duplicate,medium,vg_f1e7bceb1132,35|164,same_question_answers_reordered,needs_review,Duplicate or near-duplicate variants need editorial grouping.
duplicate,medium,vg_4ee47230fb29,36|165,same_question_answers_reordered,needs_review,Duplicate or near-duplicate variants need editorial grouping.
duplicate,medium,vg_9391ef7ca037,37|166,same_question_answers_reordered,needs_review,Duplicate or near-duplicate variants need editorial grouping.
duplicate,medium,vg_4e46d17ced00,38|167,same_question_answers_reordered,needs_review,Duplicate or near-duplicate variants need editorial grouping.
duplicate,medium,vg_9f67ccc23a15,40|101,same_image_repeated_question,needs_review,Duplicate or near-duplicate variants need editorial grouping.
duplicate,medium,vg_3a8d5e5512dc,43|174,same_question_answers_reordered,needs_review,Duplicate or near-duplicate variants need editorial grouping.
duplicate,medium,vg_54d700136314,44|175,same_question_answers_reordered,needs_review,Duplicate or near-duplicate variants need editorial grouping.
duplicate,medium,vg_40f0b19a6c7e,47|180,same_question_answers_reordered,needs_review,Duplicate or near-duplicate variants need editorial grouping.
duplicate,medium,vg_ede4dc3be964,48|184,same_question_answers_reordered,needs_review,Duplicate or near-duplicate variants need editorial grouping.
duplicate,medium,vg_b5d9c587dab7,49|185,same_question_answers_reordered,needs_review,Duplicate or near-duplicate variants need editorial grouping.
duplicate,medium,vg_5f52160b3c8e,50|187,same_question_answers_reordered,needs_review,Duplicate or near-duplicate variants need editorial grouping.
duplicate,medium,vg_7ab30a46eb28,51|189,same_question_answers_reordered,needs_review,Duplicate or near-duplicate variants need editorial grouping.
duplicate,medium,vg_ee134feb90b7,52|191,same_question_answers_reordered,needs_review,Duplicate or near-duplicate variants need editorial grouping.
duplicate,medium,vg_403a1d2b8d04,53|200,same_question_answers_reordered,needs_review,Duplicate or near-duplicate variants need editorial grouping.
duplicate,medium,vg_652724e40444,55|195,same_question_answers_reordered,needs_review,Duplicate or near-duplicate variants need editorial grouping.
duplicate,medium,vg_d9c1adbf37f7,56|196,same_question_answers_reordered,needs_review,Duplicate or near-duplicate variants need editorial grouping.
duplicate,medium,vg_6a4549256f4a,63|170,exact_stem|normalised_stem,needs_review,Duplicate or near-duplicate variants need editorial grouping.
duplicate,medium,vg_d1a4e036c71d,64|171,exact_stem|normalised_stem,needs_review,Duplicate or near-duplicate variants need editorial grouping.
duplicate,medium,vg_ed7a1604b62d,65|222,same_question_answers_reordered,needs_review,Duplicate or near-duplicate variants need editorial grouping.
duplicate,medium,vg_c7891279fb90,70|1280,near_duplicate_stem,needs_review,Duplicate or near-duplicate variants need editorial grouping.
duplicate,medium,vg_91d3557e1f2c,74|855,exact_stem|normalised_stem|same_question_answers_reordered,needs_review,Duplicate or near-duplicate variants need editorial grouping.
duplicate,medium,vg_02e070dde757,78|79,near_duplicate_stem,needs_review,Duplicate or near-duplicate variants need editorial grouping.
duplicate,medium,vg_2ebf973085ab,94|156,same_question_answers_reordered,needs_review,Duplicate or near-duplicate variants need editorial grouping.
duplicate,medium,vg_c69e8be96b21,95|157,same_question_answers_reordered,needs_review,Duplicate or near-duplicate variants need editorial grouping.
duplicate,medium,vg_bd989fc2baa1,97|158,same_question_answers_reordered,needs_review,Duplicate or near-duplicate variants need editorial grouping.
duplicate,medium,vg_89db6e528cb4,99|169,near_duplicate_stem,needs_review,Duplicate or near-duplicate variants need editorial grouping.
duplicate,medium,vg_eabb4e3a01a3,116|117,same_image_repeated_question,needs_review,Duplicate or near-duplicate variants need editorial grouping.
duplicate,medium,vg_82589a1bdf2e,120|176,same_question_answers_reordered,needs_review,Duplicate or near-duplicate variants need editorial grouping.
duplicate,medium,vg_a76c4993b827,121|178,same_question_answers_reordered,needs_review,Duplicate or near-duplicate variants need editorial grouping.
duplicate,medium,vg_5680eca00b7f,124|824,same_question_answers_reordered,needs_review,Duplicate or near-duplicate variants need editorial grouping.
duplicate,medium,vg_6b5a35a5477a,132|817,exact_stem|normalised_stem,needs_review,Duplicate or near-duplicate variants need editorial grouping.
duplicate,medium,vg_33236a4d0211,133|140,exact_stem|normalised_stem|same_question_answers_reordered,needs_review,Duplicate or near-duplicate variants need editorial grouping.
duplicate,medium,vg_368ab91a0619,136|143,same_question_answers_reordered,needs_review,Duplicate or near-duplicate variants need editorial grouping.
duplicate,medium,vg_b7583ed43832,138|211,same_question_answers_reordered,needs_review,Duplicate or near-duplicate variants need editorial grouping.
duplicate,medium,vg_447097bdaf8a,144|147,same_question_answers_reordered,needs_review,Duplicate or near-duplicate variants need editorial grouping.
duplicate,medium,vg_418671e97c9f,177|239,exact_stem|normalised_stem|same_question_answers_reordered,needs_review,Duplicate or near-duplicate variants need editorial grouping.
duplicate,medium,vg_fd5c4ab8201d,242|816,exact_stem|normalised_stem,needs_review,Duplicate or near-duplicate variants need editorial grouping.
duplicate,medium,vg_9a960edf8552,242|243|815|816|968,near_duplicate_stem,needs_review,Duplicate or near-duplicate variants need editorial grouping.
duplicate,medium,vg_c799c4f6d6fd,256|844|1295,exact_stem|normalised_stem,needs_review,Duplicate or near-duplicate variants need editorial grouping.
duplicate,medium,vg_6b0704decd3e,256|844,same_question_answers_reordered,needs_review,Duplicate or near-duplicate variants need editorial grouping.
duplicate,medium,vg_efb09f2db35c,257|861,exact_stem|normalised_stem|same_question_answers_reordered,needs_review,Duplicate or near-duplicate variants need editorial grouping.
duplicate,medium,vg_e3a49b935144,258|334|892,exact_stem|normalised_stem|same_question_answers_reordered,needs_review,Duplicate or near-duplicate variants need editorial grouping.
duplicate,medium,vg_3596274283bf,263|538,exact_stem|normalised_stem,needs_review,Duplicate or near-duplicate variants need editorial grouping.
duplicate,medium,vg_6ebb40c5e62b,267|1188,near_duplicate_stem,needs_review,Duplicate or near-duplicate variants need editorial grouping.
duplicate,medium,vg_f08e5077b26a,270|1192,normalised_stem,needs_review,Duplicate or near-duplicate variants need editorial grouping.
duplicate,medium,vg_62c1e9b5f54c,272|553,near_duplicate_stem,needs_review,Duplicate or near-duplicate variants need editorial grouping.
duplicate,medium,vg_70b6d46be9e7,277|1196,near_duplicate_stem,needs_review,Duplicate or near-duplicate variants need editorial grouping.
duplicate,medium,vg_10919d33f0ff,278|1197,near_duplicate_stem,needs_review,Duplicate or near-duplicate variants need editorial grouping.
duplicate,medium,vg_591bdc1d48c3,279|858,near_duplicate_stem,needs_review,Duplicate or near-duplicate variants need editorial grouping.
duplicate,medium,vg_22e98c6c7685,281|282,near_duplicate_stem,needs_review,Duplicate or near-duplicate variants need editorial grouping.
duplicate,medium,vg_63307cc78de0,283|1204,near_duplicate_stem,needs_review,Duplicate or near-duplicate variants need editorial grouping.
duplicate,medium,vg_8432d0a5fe1e,292|1227,near_duplicate_stem,needs_review,Duplicate or near-duplicate variants need editorial grouping.
duplicate,medium,vg_a05e3dd45bdf,296|1230,near_duplicate_stem,needs_review,Duplicate or near-duplicate variants need editorial grouping.
duplicate,medium,vg_64229fd2fb70,299|569,exact_stem|normalised_stem|same_question_answers_reordered,needs_review,Duplicate or near-duplicate variants need editorial grouping.
duplicate,medium,vg_667b9873ca10,300|356,exact_stem|normalised_stem,needs_review,Duplicate or near-duplicate variants need editorial grouping.
duplicate,medium,vg_be1dae126968,302|335,same_question_answers_reordered,needs_review,Duplicate or near-duplicate variants need editorial grouping.
duplicate,medium,vg_5bdfb4f213d8,303|681,normalised_stem,needs_review,Duplicate or near-duplicate variants need editorial grouping.
duplicate,medium,vg_f4be539386f5,306|570,exact_stem|normalised_stem,needs_review,Duplicate or near-duplicate variants need editorial grouping.
duplicate,medium,vg_a012907e12fd,309|338,exact_stem|normalised_stem|same_question_answers_reordered,needs_review,Duplicate or near-duplicate variants need editorial grouping.
duplicate,medium,vg_a3e62e38d2aa,314|840,exact_stem|normalised_stem|same_question_answers_reordered,needs_review,Duplicate or near-duplicate variants need editorial grouping.
duplicate,medium,vg_a13b1557c955,317|367|413,exact_stem|normalised_stem,needs_review,Duplicate or near-duplicate variants need editorial grouping.
duplicate,medium,vg_000b854e7aa5,318|1294,near_duplicate_stem,needs_review,Duplicate or near-duplicate variants need editorial grouping.
duplicate,medium,vg_d0a2b8eeb522,319|837,near_duplicate_stem,needs_review,Duplicate or near-duplicate variants need editorial grouping.
duplicate,medium,vg_32040bca4627,325|1307,exact_stem|normalised_stem,needs_review,Duplicate or near-duplicate variants need editorial grouping.
duplicate,medium,vg_cd025efb75d3,343|386,exact_stem|normalised_stem,needs_review,Duplicate or near-duplicate variants need editorial grouping.
duplicate,medium,vg_ef73ba024540,344|387,exact_stem|normalised_stem,needs_review,Duplicate or near-duplicate variants need editorial grouping.
duplicate,medium,vg_024b4004ba10,346|1000,exact_stem|normalised_stem,needs_review,Duplicate or near-duplicate variants need editorial grouping.
duplicate,medium,vg_bfe94088e1c4,350|1003,exact_stem|normalised_stem,needs_review,Duplicate or near-duplicate variants need editorial grouping.
duplicate,medium,vg_6260847ad638,358|820,exact_stem|normalised_stem|same_question_answers_reordered,needs_review,Duplicate or near-duplicate variants need editorial grouping.
duplicate,medium,vg_49247293573b,360|402,near_duplicate_stem,needs_review,Duplicate or near-duplicate variants need editorial grouping.
duplicate,medium,vg_2caf14744c6c,362|404|443,near_duplicate_stem,needs_review,Duplicate or near-duplicate variants need editorial grouping.
duplicate,medium,vg_5e945d795cd0,367|413,same_question_answers_reordered,needs_review,Duplicate or near-duplicate variants need editorial grouping.
duplicate,medium,vg_a80a2fe28fb9,369|414,same_question_answers_reordered,needs_review,Duplicate or near-duplicate variants need editorial grouping.
duplicate,medium,vg_26e50eebaf64,370|371|999,near_duplicate_stem,needs_review,Duplicate or near-duplicate variants need editorial grouping.
duplicate,medium,vg_5ceb76275317,372|564,exact_stem|normalised_stem|same_question_answers_reordered,needs_review,Duplicate or near-duplicate variants need editorial grouping.
duplicate,medium,vg_7acba343d52b,373|417,exact_stem|normalised_stem|same_question_answers_reordered,needs_review,Duplicate or near-duplicate variants need editorial grouping.
duplicate,medium,vg_8045c3f53700,374|567,exact_stem|normalised_stem|same_question_answers_reordered,needs_review,Duplicate or near-duplicate variants need editorial grouping.
duplicate,medium,vg_29662c4dd49b,375|419,exact_stem|normalised_stem|same_question_answers_reordered,needs_review,Duplicate or near-duplicate variants need editorial grouping.
duplicate,medium,vg_caf80b11df79,375|419|1027,near_duplicate_stem,needs_review,Duplicate or near-duplicate variants need editorial grouping.
duplicate,medium,vg_3b282bb06207,389|628|1037,exact_stem|normalised_stem,needs_review,Duplicate or near-duplicate variants need editorial grouping.
duplicate,medium,vg_8e80c03b5fd7,391|1039,near_duplicate_stem,needs_review,Duplicate or near-duplicate variants need editorial grouping.
duplicate,medium,vg_84b62bbf77b3,394|896,exact_stem|normalised_stem,needs_review,Duplicate or near-duplicate variants need editorial grouping.
duplicate,medium,vg_40250766dc74,399|1046,near_duplicate_stem,needs_review,Duplicate or near-duplicate variants need editorial grouping.
duplicate,medium,vg_4fc9b903f07c,404|443,normalised_stem|same_question_answers_reordered,needs_review,Duplicate or near-duplicate variants need editorial grouping.
duplicate,medium,vg_e0161cd0ffc7,410|447,exact_stem|normalised_stem|same_question_answers_reordered,needs_review,Duplicate or near-duplicate variants need editorial grouping.
duplicate,medium,vg_d7fe8da2ea12,410|411|447|1050|1051,near_duplicate_stem,needs_review,Duplicate or near-duplicate variants need editorial grouping.
duplicate,medium,vg_a58b17500191,415|1022,near_duplicate_stem,needs_review,Duplicate or near-duplicate variants need editorial grouping.
duplicate,medium,vg_a645b5770600,420|455,same_question_answers_reordered,needs_review,Duplicate or near-duplicate variants need editorial grouping.
duplicate,medium,vg_ff0ac16a3474,423|1090,near_duplicate_stem,needs_review,Duplicate or near-duplicate variants need editorial grouping.
duplicate,medium,vg_1d7271ddd784,426|1066,near_duplicate_stem,needs_review,Duplicate or near-duplicate variants need editorial grouping.
duplicate,medium,vg_60cb9a3c3e75,427|461,exact_stem|normalised_stem|same_question_answers_reordered,needs_review,Duplicate or near-duplicate variants need editorial grouping.
duplicate,medium,vg_029d2f2c7292,430|463,exact_stem|normalised_stem|same_question_answers_reordered,needs_review,Duplicate or near-duplicate variants need editorial grouping.
duplicate,medium,vg_e8c2e53b117a,433|1074,near_duplicate_stem,needs_review,Duplicate or near-duplicate variants need editorial grouping.
duplicate,medium,vg_71d2ae483c60,435|1075,near_duplicate_stem,needs_review,Duplicate or near-duplicate variants need editorial grouping.
duplicate,medium,vg_07b234688928,441|1080,exact_stem|normalised_stem,needs_review,Duplicate or near-duplicate variants need editorial grouping.
duplicate,medium,vg_bba557a8355e,442|1009|1082,near_duplicate_stem,needs_review,Duplicate or near-duplicate variants need editorial grouping.
duplicate,medium,vg_18cd7c69b407,445|1083,near_duplicate_stem,needs_review,Duplicate or near-duplicate variants need editorial grouping.
duplicate,medium,vg_cc42c665b5ac,460|1101,near_duplicate_stem,needs_review,Duplicate or near-duplicate variants need editorial grouping.
duplicate,medium,vg_43a91225bbc1,462|973|1069,near_duplicate_stem,needs_review,Duplicate or near-duplicate variants need editorial grouping.
duplicate,medium,vg_0713e30f22b8,465|630,normalised_stem,needs_review,Duplicate or near-duplicate variants need editorial grouping.
duplicate,medium,vg_4538380fc7b2,466|1115,near_duplicate_stem,needs_review,Duplicate or near-duplicate variants need editorial grouping.
duplicate,medium,vg_77fdafa2bd28,467|1116,near_duplicate_stem,needs_review,Duplicate or near-duplicate variants need editorial grouping.
duplicate,medium,vg_7d1a38dbf699,477|478|480|643|683|826,near_duplicate_stem,needs_review,Duplicate or near-duplicate variants need editorial grouping.
duplicate,medium,vg_ff95c2584a06,478|683,exact_stem,needs_review,Duplicate or near-duplicate variants need editorial grouping.
duplicate,medium,vg_6ad387591f7d,478|683|826,normalised_stem,needs_review,Duplicate or near-duplicate variants need editorial grouping.
duplicate,medium,vg_05075e656bc2,480|643,exact_stem|normalised_stem,needs_review,Duplicate or near-duplicate variants need editorial grouping.
duplicate,medium,vg_e1c081949fd9,481|1138,near_duplicate_stem,needs_review,Duplicate or near-duplicate variants need editorial grouping.
duplicate,medium,vg_bd08ff9f5628,485|1147,near_duplicate_stem,needs_review,Duplicate or near-duplicate variants need editorial grouping.
duplicate,medium,vg_4f48ac2f5b06,496|1253,near_duplicate_stem,needs_review,Duplicate or near-duplicate variants need editorial grouping.
duplicate,medium,vg_a999167bf0b4,512|711,exact_stem|normalised_stem|same_question_answers_reordered,needs_review,Duplicate or near-duplicate variants need editorial grouping.
duplicate,medium,vg_8c9daa8b7d1d,514|550,exact_stem|normalised_stem,needs_review,Duplicate or near-duplicate variants need editorial grouping.
duplicate,medium,vg_15c55e249e41,519|1243|1245,near_duplicate_stem,needs_review,Duplicate or near-duplicate variants need editorial grouping.
duplicate,medium,vg_17e30bc709d5,522|665,exact_stem|normalised_stem,needs_review,Duplicate or near-duplicate variants need editorial grouping.
duplicate,medium,vg_c5c0c70a0739,525|724,exact_stem|normalised_stem|same_question_answers_reordered,needs_review,Duplicate or near-duplicate variants need editorial grouping.
duplicate,medium,vg_7a10d4179dc0,526|828,exact_stem|normalised_stem|same_question_answers_reordered,needs_review,Duplicate or near-duplicate variants need editorial grouping.
duplicate,medium,vg_0c71e03fd441,527|717,exact_stem|normalised_stem|same_question_answers_reordered,needs_review,Duplicate or near-duplicate variants need editorial grouping.
duplicate,medium,vg_25226e14877a,531|735,exact_stem|normalised_stem|same_question_answers_reordered,needs_review,Duplicate or near-duplicate variants need editorial grouping.
duplicate,medium,vg_cdf0d73c3a0e,532|728,exact_stem|normalised_stem|same_question_answers_reordered,needs_review,Duplicate or near-duplicate variants need editorial grouping.
duplicate,medium,vg_e78d72595816,533|590,exact_stem|normalised_stem|same_question_answers_reordered,needs_review,Duplicate or near-duplicate variants need editorial grouping.
duplicate,medium,vg_6372a86ef52f,535|736,exact_stem|normalised_stem|same_question_answers_reordered,needs_review,Duplicate or near-duplicate variants need editorial grouping.
duplicate,medium,vg_b1d44762fa71,536|738|795,exact_stem|normalised_stem|same_question_answers_reordered,needs_review,Duplicate or near-duplicate variants need editorial grouping.
duplicate,medium,vg_c8c0e263a24b,536|537|617|737|738|739|795,near_duplicate_stem,needs_review,Duplicate or near-duplicate variants need editorial grouping.
duplicate,medium,vg_5c06081bc6e8,537|739,exact_stem|normalised_stem|same_question_answers_reordered,needs_review,Duplicate or near-duplicate variants need editorial grouping.
duplicate,medium,vg_f26c589cbdb3,543|712,same_question_answers_reordered,needs_review,Duplicate or near-duplicate variants need editorial grouping.
duplicate,medium,vg_243ae1f42fcc,545|885,exact_stem|normalised_stem|same_question_answers_reordered,needs_review,Duplicate or near-duplicate variants need editorial grouping.
duplicate,medium,vg_bc75a6db318d,546|886,exact_stem|normalised_stem|same_question_answers_reordered,needs_review,Duplicate or near-duplicate variants need editorial grouping.
duplicate,medium,vg_d45e098f122a,547|713,exact_stem|normalised_stem|same_question_answers_reordered,needs_review,Duplicate or near-duplicate variants need editorial grouping.
duplicate,medium,vg_f8ae5a3da02e,548|866,normalised_stem|same_question_answers_reordered,needs_review,Duplicate or near-duplicate variants need editorial grouping.
duplicate,medium,vg_6a94e4ae8cc8,549|867,exact_stem|normalised_stem|same_question_answers_reordered,needs_review,Duplicate or near-duplicate variants need editorial grouping.
duplicate,medium,vg_24270701ef80,551|869,exact_stem|normalised_stem|same_question_answers_reordered,needs_review,Duplicate or near-duplicate variants need editorial grouping.
duplicate,medium,vg_eb192a8e6d26,552|872,exact_stem|normalised_stem|same_question_answers_reordered,needs_review,Duplicate or near-duplicate variants need editorial grouping.
duplicate,medium,vg_16fb5fc2ff50,554|875,exact_stem|normalised_stem|same_question_answers_reordered,needs_review,Duplicate or near-duplicate variants need editorial grouping.
duplicate,medium,vg_54f08f69cf16,555|878,exact_stem|normalised_stem|same_question_answers_reordered,needs_review,Duplicate or near-duplicate variants need editorial grouping.
duplicate,medium,vg_c58f7bfcf73a,555|873|878,near_duplicate_stem,needs_review,Duplicate or near-duplicate variants need editorial grouping.
duplicate,medium,vg_b7b0614edd4c,556|880,exact_stem|normalised_stem|same_question_answers_reordered,needs_review,Duplicate or near-duplicate variants need editorial grouping.
duplicate,medium,vg_6c4244d671fc,557|881,exact_stem|normalised_stem|same_question_answers_reordered,needs_review,Duplicate or near-duplicate variants need editorial grouping.
duplicate,medium,vg_ceaad7c77cd5,560|1067,near_duplicate_stem,needs_review,Duplicate or near-duplicate variants need editorial grouping.
duplicate,medium,vg_b26ad7810e71,572|573|1221,near_duplicate_stem,needs_review,Duplicate or near-duplicate variants need editorial grouping.
duplicate,medium,vg_d57eec954c44,577|638,same_question_answers_reordered,needs_review,Duplicate or near-duplicate variants need editorial grouping.
duplicate,medium,vg_9a2d2ba45193,587|797,exact_stem,needs_review,Duplicate or near-duplicate variants need editorial grouping.
duplicate,medium,vg_0de5e1bccd63,587|777|797,normalised_stem,needs_review,Duplicate or near-duplicate variants need editorial grouping.
duplicate,medium,vg_c065fde53cb3,592|593,near_duplicate_stem,needs_review,Duplicate or near-duplicate variants need editorial grouping.
duplicate,medium,vg_0e1ce8d333f1,595|1260,near_duplicate_stem,needs_review,Duplicate or near-duplicate variants need editorial grouping.
duplicate,medium,vg_7d01c897ef07,602|722,exact_stem|normalised_stem|same_question_answers_reordered,needs_review,Duplicate or near-duplicate variants need editorial grouping.
duplicate,medium,vg_a068a987dee1,604|723,exact_stem|normalised_stem|same_question_answers_reordered,needs_review,Duplicate or near-duplicate variants need editorial grouping.
duplicate,medium,vg_7840006771c4,608|841,exact_stem|normalised_stem|same_question_answers_reordered,needs_review,Duplicate or near-duplicate variants need editorial grouping.
duplicate,medium,vg_7cc321c426cf,609|848,exact_stem|normalised_stem|same_question_answers_reordered,needs_review,Duplicate or near-duplicate variants need editorial grouping.
duplicate,medium,vg_d423afd4e1c3,610|730,exact_stem|normalised_stem|same_question_answers_reordered,needs_review,Duplicate or near-duplicate variants need editorial grouping.
duplicate,medium,vg_735725d26768,610|730|1299,near_duplicate_stem,needs_review,Duplicate or near-duplicate variants need editorial grouping.
duplicate,medium,vg_facd430f0ba1,611|731,exact_stem|normalised_stem|same_question_answers_reordered,needs_review,Duplicate or near-duplicate variants need editorial grouping.
duplicate,medium,vg_c714bcc99776,611|731|1300,near_duplicate_stem,needs_review,Duplicate or near-duplicate variants need editorial grouping.
duplicate,medium,vg_c074a67a6212,612|732,same_question_answers_reordered,needs_review,Duplicate or near-duplicate variants need editorial grouping.
duplicate,medium,vg_88ccaadcf810,616|794,near_duplicate_stem,needs_review,Duplicate or near-duplicate variants need editorial grouping.
duplicate,medium,vg_70a90da7c9e6,617|737,exact_stem|normalised_stem|same_question_answers_reordered,needs_review,Duplicate or near-duplicate variants need editorial grouping.
duplicate,medium,vg_fe2941ca29d5,619|620,near_duplicate_stem,needs_review,Duplicate or near-duplicate variants need editorial grouping.
duplicate,medium,vg_f5c2fccfa00d,623|701,exact_stem|normalised_stem,needs_review,Duplicate or near-duplicate variants need editorial grouping.
duplicate,medium,vg_1e4ba676600e,632|1120,near_duplicate_stem,needs_review,Duplicate or near-duplicate variants need editorial grouping.
duplicate,medium,vg_ea415ce9edd6,636|644,exact_stem|normalised_stem,needs_review,Duplicate or near-duplicate variants need editorial grouping.
duplicate,medium,vg_5cd2a41b7064,647|877,exact_stem|normalised_stem|same_question_answers_reordered,needs_review,Duplicate or near-duplicate variants need editorial grouping.
duplicate,medium,vg_8056510478c4,647|877|882,near_duplicate_stem,needs_review,Duplicate or near-duplicate variants need editorial grouping.
duplicate,medium,vg_c1a716f8a20b,648|887,exact_stem|normalised_stem|same_question_answers_reordered,needs_review,Duplicate or near-duplicate variants need editorial grouping.
duplicate,medium,vg_5fe31e4a36cb,649|651,near_duplicate_stem,needs_review,Duplicate or near-duplicate variants need editorial grouping.
duplicate,medium,vg_08c75df09a1e,657|658,near_duplicate_stem,needs_review,Duplicate or near-duplicate variants need editorial grouping.
duplicate,medium,vg_2e1d81c20033,660|661,near_duplicate_stem,needs_review,Duplicate or near-duplicate variants need editorial grouping.
duplicate,medium,vg_fb9ea4026a63,672|693,exact_stem|normalised_stem,needs_review,Duplicate or near-duplicate variants need editorial grouping.
duplicate,medium,vg_1c6badbe4116,700|954,near_duplicate_stem,needs_review,Duplicate or near-duplicate variants need editorial grouping.
duplicate,medium,vg_9eebdb73c281,706|960,near_duplicate_stem,needs_review,Duplicate or near-duplicate variants need editorial grouping.
duplicate,medium,vg_33206da60e06,765|804,exact_stem|normalised_stem,needs_review,Duplicate or near-duplicate variants need editorial grouping.
duplicate,medium,vg_2a399721824d,766|805,exact_stem|normalised_stem,needs_review,Duplicate or near-duplicate variants need editorial grouping.
duplicate,medium,vg_0ff5b5a7d8d4,767|801,same_question_answers_reordered,needs_review,Duplicate or near-duplicate variants need editorial grouping.
duplicate,medium,vg_0df41c239b99,768|802|838,exact_stem|normalised_stem|same_question_answers_reordered,needs_review,Duplicate or near-duplicate variants need editorial grouping.
duplicate,medium,vg_bfbe545c2479,772|798,exact_stem|normalised_stem|same_question_answers_reordered,needs_review,Duplicate or near-duplicate variants need editorial grouping.
duplicate,medium,vg_5f175750d2bd,775|1212,near_duplicate_stem,needs_review,Duplicate or near-duplicate variants need editorial grouping.
duplicate,medium,vg_81e670057a17,778|1213,near_duplicate_stem,needs_review,Duplicate or near-duplicate variants need editorial grouping.
duplicate,medium,vg_a8d5ad3d333b,780|891,exact_stem|normalised_stem|same_question_answers_reordered,needs_review,Duplicate or near-duplicate variants need editorial grouping.
duplicate,medium,vg_ac3779631a82,780|891|1216,near_duplicate_stem,needs_review,Duplicate or near-duplicate variants need editorial grouping.
duplicate,medium,vg_772eec374c31,850|862,near_duplicate_stem,needs_review,Duplicate or near-duplicate variants need editorial grouping.
duplicate,medium,vg_c514537ea565,890|928,near_duplicate_stem,needs_review,Duplicate or near-duplicate variants need editorial grouping.
duplicate,medium,vg_85338d2dbf6e,893|944,near_duplicate_stem,needs_review,Duplicate or near-duplicate variants need editorial grouping.
duplicate,medium,vg_00f207860a89,1053|1054,near_duplicate_stem,needs_review,Duplicate or near-duplicate variants need editorial grouping.
duplicate,medium,vg_466586d86c93,1057|1058,near_duplicate_stem,needs_review,Duplicate or near-duplicate variants need editorial grouping.
duplicate,medium,vg_96c5fdf3d2b9,1085|1086,near_duplicate_stem,needs_review,Duplicate or near-duplicate variants need editorial grouping.
duplicate,medium,vg_bf34234ce574,1161|1162,near_duplicate_stem,needs_review,Duplicate or near-duplicate variants need editorial grouping.
lint,info,9:non_standard_option_count:6c25e02fb95d,9,non_standard_option_count,open,Question has fewer than four answer options.
lint,info,10:non_standard_option_count:6c25e02fb95d,10,non_standard_option_count,open,Question has fewer than four answer options.
lint,info,12:non_standard_option_count:6c25e02fb95d,12,non_standard_option_count,open,Question has fewer than four answer options.
lint,info,100:non_standard_option_count:6c25e02fb95d,100,non_standard_option_count,open,Question has fewer than four answer options.
lint,info,101:non_standard_option_count:6c25e02fb95d,101,non_standard_option_count,open,Question has fewer than four answer options.
lint,info,102:non_standard_option_count:6c25e02fb95d,102,non_standard_option_count,open,Question has fewer than four answer options.
lint,info,103:non_standard_option_count:6c25e02fb95d,103,non_standard_option_count,open,Question has fewer than four answer options.
lint,info,104:non_standard_option_count:6c25e02fb95d,104,non_standard_option_count,open,Question has fewer than four answer options.
lint,info,105:non_standard_option_count:6c25e02fb95d,105,non_standard_option_count,open,Question has fewer than four answer options.
lint,info,106:non_standard_option_count:6c25e02fb95d,106,non_standard_option_count,open,Question has fewer than four answer options.
lint,info,107:non_standard_option_count:6c25e02fb95d,107,non_standard_option_count,open,Question has fewer than four answer options.
lint,info,108:non_standard_option_count:6c25e02fb95d,108,non_standard_option_count,open,Question has fewer than four answer options.
lint,info,109:non_standard_option_count:6c25e02fb95d,109,non_standard_option_count,open,Question has fewer than four answer options.
lint,info,110:non_standard_option_count:6c25e02fb95d,110,non_standard_option_count,open,Question has fewer than four answer options.
lint,info,111:non_standard_option_count:6c25e02fb95d,111,non_standard_option_count,open,Question has fewer than four answer options.
lint,info,112:non_standard_option_count:6c25e02fb95d,112,non_standard_option_count,open,Question has fewer than four answer options.
lint,info,113:non_standard_option_count:6c25e02fb95d,113,non_standard_option_count,open,Question has fewer than four answer options.
lint,info,116:non_standard_option_count:6c25e02fb95d,116,non_standard_option_count,open,Question has fewer than four answer options.
lint,info,117:non_standard_option_count:6c25e02fb95d,117,non_standard_option_count,open,Question has fewer than four answer options.
lint,info,244:non_standard_option_count:6c25e02fb95d,244,non_standard_option_count,open,Question has fewer than four answer options.
lint,info,245:non_standard_option_count:6c25e02fb95d,245,non_standard_option_count,open,Question has fewer than four answer options.
lint,info,246:non_standard_option_count:6c25e02fb95d,246,non_standard_option_count,open,Question has fewer than four answer options.
lint,info,247:non_standard_option_count:6c25e02fb95d,247,non_standard_option_count,open,Question has fewer than four answer options.
lint,info,621:non_standard_option_count:6c25e02fb95d,621,non_standard_option_count,open,Question has fewer than four answer options.
lint,info,623:non_standard_option_count:6c25e02fb95d,623,non_standard_option_count,open,Question has fewer than four answer options.
lint,info,628:non_standard_option_count:6c25e02fb95d,628,non_standard_option_count,open,Question has fewer than four answer options.
lint,info,629:non_standard_option_count:6c25e02fb95d,629,non_standard_option_count,open,Question has fewer than four answer options.
lint,info,630:non_standard_option_count:6c25e02fb95d,630,non_standard_option_count,open,Question has fewer than four answer options.
lint,info,631:non_standard_option_count:6c25e02fb95d,631,non_standard_option_count,open,Question has fewer than four answer options.
lint,info,643:non_standard_option_count:6c25e02fb95d,643,non_standard_option_count,open,Question has fewer than four answer options.
lint,info,644:non_standard_option_count:6c25e02fb95d,644,non_standard_option_count,open,Question has fewer than four answer options.
lint,info,797:non_standard_option_count:6c25e02fb95d,797,non_standard_option_count,open,Question has fewer than four answer options.
lint,info,804:non_standard_option_count:6c25e02fb95d,804,non_standard_option_count,open,Question has fewer than four answer options.
lint,info,805:non_standard_option_count:6c25e02fb95d,805,non_standard_option_count,open,Question has fewer than four answer options.
